id,name,type,continent,lat,long,wikidata
Perak,Perak,country,Asia,4.75,101,Q188953
Afghanistan_BaluchistanKalat,Afghanistan & Baluchistan (Kalat),group,Asia,31.0,66.0,
St.Kitts-Nevis,St. Kitts-Nevis,country,America,17.33,-62.666667,Q763
Heligoland,Heligoland,country,Europe,54.1825,7.8852777778,Q3038
Lübeck,Lübeck,country,Europe,53.8697222222,10.6863888889,Q2843
Greece_RussiaUSSR_Turkey,Greece & Russia/USSR & Turkey,group,World,46.5,53.0,
FalklandIs._Uruguay,Falkland Is. & Uruguay,group,America,-42.24166666665001,-57.825,
PenondeVelez,Penon de Velez,country,Africa,35.1731111111,-4.3001944444,Q191146
PerimI.,Perim I.,country,Asia,12.65975,43.421092,Q1160017
Dominica,Dominica,country,America,15.416667,-61.333333,Q784
CapeColony_Mauritius_NewSouthWales,Cape Colony & Mauritius & New South Wales,group,World,-28.4,74.16666666666667,
Palembang,Palembang,country,Asia,-2.9833333333,104.7644444444,Q8131
Senegal_FrenchWestAfrica,Senegal & French West Africa,group,Africa,14.4296465,-9.9721255,
Brunswick,Brunswick,country,Europe,52.269167,10.521111,Q326029
Aden_India,Aden & India,group,Asia,17.4,61.01666666664999,
Lübeck_MecklenburgSchwerin_Othercountries,Lübeck & Mecklenburg Schwerin & Other countries,group,World,53.7492761111,11.05012944445,
Syria_Lebanon,Syria & Lebanon,group,Asia,34.525000000000006,37.175,
Netherlands,Netherlands,country,Europe,52.3166666667,5.55,Q55
CanaryIs._Spain,Canary Is. & Spain,group,World,34.268,-9.3745,
Uzbekistan,Uzbekistan,country,Asia,41,66,Q265
EquatorialGuineaSpanishGuinea,Equatorial Guinea (Spanish Guinea),country,Africa,1.5833333333,10.35,Q1232509
KingdomofSardinia_Genoa,Kingdom of Sardinia & Genoa,group,Europe,40.072,8.98,
Assam_Bengal_Bihar_Odisha,Assam & Bengal & Bihar & Odisha,group,Asia,26.0,93.0,
Genoa_Trieste,Genoa & Trieste,group,Europe,45.6361111111,13.8041666667,
CostaRica_ElSalvador_Guatemala_Honduras_Nicaragua,Costa Rica & El Salvador & Guatemala & Honduras & Nicaragua,group,America,13.168801932529613,-86.8299249464832,
Hawaii,Hawaii,country,America,21.3113888889,-157.7963888889,Q782
FrenchPolynesia,French Polynesia,country,Oceania,-17.5333333333,-149.5666666667,Q30971
Bavaria_Frankfurt_Saxony,Bavaria & Frankfurt & Saxony,group,Europe,49.972685185166675,11.156574074066667,
Macao,Macao,country,Asia,22.1666666667,113.55,Q14773
Malacca,Malacca,country,Asia,2.2,102.251,Q185221
Sambas,Sambas,country,Asia,1.41667,109.33333,Q14164
Vietnam,Vietnam,country,Asia,16,108,Q881
HejazSultanate,Hejaz Sultanate,country,Asia,21.4225,39.82611111,Q956357
Sweden_SwedishColonies,Sweden & Swedish Colonies,group,World,61.0,14.999999999999998,
OmanMuscatandOman_UnitedArabEmiratesTrucialOman,Oman (Muscat and Oman) & United Arab Emirates (Trucial Oman),group,Asia,22.641666666650003,54.49999999999999,
Portugal_PortugueseColonies,Portugal & Portuguese Colonies,group,World,38.7,-9.1833333333,
CapeBretonI.,Cape Breton I.,country,America,46.1666666667,-60.75,Q188489
ChinaPeople'sRepublicofChina_India_Singapore,China (People's Republic of China) & India & Singapore,group,Asia,19.433333333333334,94.6,
BritishKaffraria,British Kaffraria,country,Africa,-32.88333333,27.4,Q918121
Bali,Bali,country,Asia,-8.335,115.0880555556,Q4648
Latvia,Latvia,country,Europe,57,25,Q211
Wallachia,Wallachia,country,Europe,44.4166666667,26.1,Q171393
FrenchWestAfrica_CamerounFrenchCameroons_TogoFrenchTogoland,French West Africa & Cameroun (French Cameroons) & Togo (French Togoland),group,Africa,8.869681666666667,2.3476593333333327,
Fiume_Italy,Fiume & Italy,group,Europe,43.914861111099995,13.4661111111,
Tetuan,Tetuan,country,Africa,35.5666666667,-5.3666666667,Q185157
ViceroyaltyofLaPlata_Uruguay,Viceroyalty of La Plata & Uruguay,group,America,-33.70000016665,-57.52500000000001,
Gozo_Malta,Gozo & Malta,group,Europe,35.8833333333,14.500000000000002,
Cyprus,Cyprus,country,Europe,35,33,Q229
EasternRumelia,Eastern Rumelia,country,Europe,42.1421,24.7499,Q459780
Corfu_Malta,Corfu & Malta,group,Europe,37.7536111111,17.16,
Palestine_Syria,Palestine & Syria,group,Asia,33.4978473889,36.91022205555,
Bahamas_TurksandCaicosIs.,Bahamas & Turks and Caicos Is.,group,America,22.725,-73.99166666665002,
Algeria_France,Algeria & France,group,World,37.5,1.5000000000000002,
ColombiaGranColombia_Venezuela,Colombia (Gran Colombia) & Venezuela,group,America,6.000000000000001,-70.5,
GuyanaBr.Guiana_FrenchGuyana_Surinam,Guyana (Br. Guiana) & French Guyana & Surinam,group,America,4.577397666666667,-56.10553566666667,
CochinChina_KampucheaCambodia,Cochin China & Kampuchea (Cambodia),group,Asia,13.7775,107.97,
OntarioUpperCanada_QuebecLowerCanada,Ontario (Upper Canada) & Quebec (Lower Canada),group,America,51.0,-78.5,
"SaudiArabiaKingdomofHejazandNedj_YemenArabRepublicNorthYemen,KingdomofYemen","Saudi Arabia (Kingdom of Hejaz and Nedj) & Yemen Arab Republic (North Yemen, Kingdom of Yemen)",group,Asia,19.535694611100002,44.16166683335,
PuertoRico_St.Thomas,Puerto Rico & St. Thomas,group,America,18.25,-66.5,
FernandoPoBioko,Fernando Po (Bioko),country,Africa,3.5,8.7,Q205022
Newfoundland,Newfoundland,country,America,53,-60,Q2003
BritishCameroons_Nigeria,British Cameroons & Nigeria,group,Africa,6.583333500000001,8.616666500000001,
Chile_PatagoniaPacificCoast,Chile & Patagonia (Pacific Coast),group,America,-33.0,-71.0,
Aruba_Bonaire,Aruba & Bonaire,group,America,12.347197931650001,-69.11211194000002,
Australia_CapeColony_Mauritius,Australia & Cape Colony & Mauritius,group,World,-27.06666666666667,70.83333333333333,
Nicaragua,Nicaragua,country,America,13,-85,Q811
Tuscany,Tuscany,country,Europe,43.35,11.0166666667,Q1273
IonianIs.,Ionian Is.,country,Europe,38.5,20.5,Q170295
Lucca_PapalStates,Lucca & Papal States,group,Europe,42.877,11.484833333350002,
Canada_Newfoundland,Canada & Newfoundland,group,America,54.5,-84.49999999999999,
IndonesiaDutchEastIndies,Indonesia (Dutch East Indies),country,Asia,-2,118,Q252
BritishColumbia_Rupert'sLand,British Columbia & Rupert's Land,group,America,55.75,-108.39999999999999,
JakartaBatavia_Singapore,Jakarta (Batavia) & Singapore,group,Asia,1.3,103.8,
FaeroeIs._Greenland,Faeroe Is. & Greenland,group,World,66.9849722222,-23.4222402778,
PanamaCanalZone,Panama Canal Zone,country,America,9.1176694444,-79.7201666667,Q498979
Trengganu,Trengganu,country,Asia,4.75,103,Q189701
Albania_Fiume_YugoslaviaSerbia,Albania & Fiume & Yugoslavia/Serbia,group,Europe,43.71675925926666,18.298148148133333,
Chafarinas,Chafarinas,country,Africa,35.1833333333,-2.4333333333,Q130574
Zanzibar,Zanzibar,country,Africa,-6.1333333333,39.3166666667,Q1774
LeewardIs.,Leeward Is.,country,America,17.0833333333,-61.8,Q1796551
Australia_NewZealand,Australia & New Zealand,group,Oceania,-34.6,155.5,
ChinaPeople'sRepublicofChina_India_Japan,China (People's Republic of China) & India & Japan,group,Asia,30.666666666666668,105.33333333333333,
Australia_Tasmania,Australia & Tasmania,group,Oceania,-35.0,142.0,
Ukraine,Ukraine,country,Europe,49,32,Q212
PortugueseAfrica_PortugueseIndiaincl.GoaDiuDaman,Portuguese Africa & Portuguese India (incl. Goa Diu Daman),group,World,14.701000000000002,71.169,
Mexico_Venezuela,Mexico & Venezuela,group,America,15.5,-84.5,
Rupert'sLand,Rupert's Land,country,America,57,-92.3,Q738395
Morocco_Tangier,Morocco & Tangier,group,Africa,33.8923611111,-5.90625,
KerguelenIs.,Kerguelen Is.,country,Antarctic,-49.25,69.1666666667,Q46772
Antillesother_Cuba,Antilles (other) & Cuba,group,America,22.0,-79.5,
Czechoslovakia,Czechoslovakia,country,Europe,50.0833333333,14.4166666667,Q33946
Tahiti,Tahiti,country,Oceania,-17.6666666667,-149.4666666667,Q42000
IonianIs._UnitedKingdom,Ionian Is. & United Kingdom,group,Europe,46.55,9.25,
Gambia,Gambia,country,Africa,13.5,-15.5,Q1005
Kniphausen_Oldenburg,Kniphausen & Oldenburg,group,Europe,53.1438888889,8.2138888889,
EgyptUnitedArabRepublic_LibyaTripolitaniaCyrenaicaFezzan_Morocco_Tunisia,Egypt/United Arab Republic & Libya (Tripolitania Cyrenaica Fezzan) & Morocco & Tunisia,group,Africa,30.333333333333332,11.666666666666668,
Cyprus_Malta_YugoslaviaSerbia,Cyprus & Malta & Yugoslavia/Serbia,group,Europe,38.56796296296667,22.654074074066664,
Turkey_DodecaneseIs.AegeanIs.,Turkey & Dodecanese Is. (Aegean Is.),group,World,37.686499999999995,31.609,
ChinaPeople'sRepublicofChina_CochinChina,China (People's Republic of China) & Cochin China,group,Asia,24.977499999999996,106.96999999999998,
Johore_Kedah_Kelantan_Perlis_Trengganu,Johore & Kedah & Kelantan & Perlis & Trengganu,group,Asia,4.286833200571591,102.26507979928432,
Algeria_France_FrenchColoniesother,Algeria & France & French Colonies (other),group,World,37.5,1.5000000000000002,
Tasmania,Tasmania,country,Oceania,-42,147,Q34366
SaudiArabiaKingdomofHejazandNedj,Saudi Arabia (Kingdom of Hejaz and Nedj),country,Asia,23.716667,44.116667,Q851
Georgia,Georgia,country,Europe,42.0166694444,43.7333305556,Q230
Beirut_EgyptUnitedArabRepublic,Beirut & Egypt/United Arab Republic,group,World,27.0,29.000000000000004,
Macao_PortugueseTimor,Macao & Portuguese Timor,group,Asia,6.808333333349999,119.56666650000001,
Aden_Algeria_EgyptUnitedArabRepublic_IranPersia_AsianTurkey,Aden & Algeria & Egypt/United Arab Republic & Iran (Persia) & Asian Turkey,group,World,24.266666666666666,33.01111111109999,
Philippines_SuluSultanate,Philippines & Sulu Sultanate,group,Asia,9.0259722222,122.0009722222,
Hamburg_Lüneburg,Hamburg & Lüneburg,group,Europe,53.55,10.0,
PuertoRico,Puerto Rico,country,America,18.25,-66.5,Q1183
Senegal_Goree,Senegal & Goree,group,Africa,14.516805722200003,-15.840833166649999,
Sweden_SwedishDependencies,Sweden & Swedish Dependencies,group,World,61.0,14.999999999999998,
Nepal,Nepal,country,Asia,28,84,Q837
ChinaPeople'sRepublicofChina,China (People's Republic of China),country,Asia,35,103,Q148
Liechtenstein,Liechtenstein,country,Europe,47.145,9.553889,Q347
GuineaFrenchGuineaRivieresduSud,Guinea (French Guinea) (Rivieres du Sud),country,Africa,9.5091666667,-13.7122222222,Q797433
Bahrain,Bahrain,country,Asia,26.0675,50.551111,Q398
France_FrenchMediterranean,France & French Mediterranean,group,Europe,47.0,2.0,
Khiva,Khiva,country,Asia,41.3783333333,60.3638888889,Q486195
PuertoRico_VirginIslandsDanishWestIndies,Puerto Rico & Virgin Islands (Danish West Indies),group,America,18.2875,-65.66749999999999,
CanaryIs._CapeColony_MalagasyRepublicMadagascar,Canary Is. & Cape Colony & Malagasy Republic (Madagascar),group,Africa,-8.154666666666666,16.417,
Ajman,Ajman,country,Asia,25.4,55.5,Q159477
Cuba_Philippines_PuertoRico,Cuba & Philippines & Puerto Rico,group,America,17.416666666666668,-7.666666666666661,
MalagasyRepublicMadagascar_Mayotte_NossiBe,Malagasy Republic (Madagascar) & Mayotte & Nossi Be,group,Africa,-15.386574074100002,46.796111111100004,
HanseTowns_GermanPorts,Hanse Towns & German Ports,group,Europe,53.869,10.223,
Morocco_Tunisia,Morocco & Tunisia,group,Africa,33.0,1.9999999999999996,
Samoa,Samoa,country,Oceania,-14,-172,Q683
LibyaTripolitaniaCyrenaicaFezzan_Tunisia,Libya (Tripolitania Cyrenaica Fezzan) & Tunisia,group,Africa,30.5,13.5,
Dubai,Dubai,country,Asia,25.2644444444,55.3116666667,Q613
Assam,Assam,country,Asia,26,93,Q1164
ChinaPeople'sRepublicofChina_Japan,China (People's Republic of China) & Japan,group,Asia,35.0,119.5,
OregonCountry,Oregon Country,country,America,48,-122,Q388164
NorfolkI.,Norfolk I.,country,Oceania,-29.0333333333,167.9497222222,Q31057
ChinaPeople'sRepublicofChina_HongKong,China (People's Republic of China) & Hong Kong,group,Asia,28.63916666665,108.57930555555001,
Mozambique,Mozambique,country,Africa,-19,35,Q1029
EuropeanTurkey_Montenegro_Romania_YugoslaviaSerbia,European Turkey & Montenegro & Romania & Yugoslavia/Serbia,group,Europe,44.529074185199995,21.55962974073333,
Denmark_Iceland,Denmark & Iceland,group,Europe,60.5,-4.5,
Riau,Riau,country,Asia,0.5333333333,101.45,Q2175
ChinaPeople'sRepublicofChina_FrenchIndochina,China (People's Republic of China) & French Indochina,group,Asia,28.016666666650003,104.425,
Finland_RussiaUSSR,Finland & Russia/USSR,group,Europe,63.50000000000001,63.50000000000001,
Bhutan_Nepal,Bhutan & Nepal,group,Asia,27.725,87.25,
Cuba_Spain,Cuba & Spain,group,World,31.0,-41.25,
Lebanon,Lebanon,country,Asia,33.833333,35.766667,Q822
Austria-Hungary_Cracow,Austria-Hungary & Cracow,group,Europe,49.13069444445,18.1436111111,
Mongolia,Mongolia,country,Asia,47,104,Q711
Algeria_Morocco_LibyaTripolitaniaCyrenaicaFezzan_Tunisia,Algeria & Morocco & Libya (Tripolitania Cyrenaica Fezzan) & Tunisia,group,Africa,30.37704918032787,6.065573770491804,
BritishCameroons,British Cameroons,country,Africa,4.166667,9.233333,Q1028835
India_StraitsSettlements,India & Straits Settlements,group,Asia,11.68333333335,90.40000000000002,
RussiaUSSR_Poland,Russia/USSR & Poland,group,Europe,56.99999999999999,59.5,
Curacao_Jamaica_TrinidadandTobago,Curacao & Jamaica & Trinidad and Tobago,group,America,13.671111111133332,-69.29444444446666,
CostaRica_Guatemala_Honduras,Costa Rica & Guatemala & Honduras,group,America,13.377777666666667,-87.02222233333332,
Paraguay,Paraguay,country,America,-23.5,-58,Q733
Denmark_Greenland_Iceland,Denmark & Greenland & Iceland,group,World,64.33333333333333,-16.333333333333332,
Uganda,Uganda,country,Africa,1.28,32.39,Q1036
Angola,Angola,country,Africa,-12.35,17.35,Q916
Cyrenaica_Tripolitania,Cyrenaica & Tripolitania,group,Africa,32.715158,17.1989665,
Cyprus_Palestine,Cyprus & Palestine,group,World,33.3895138889,34.11855555555,
NewCaledoniaandDependencies,New Caledonia and Dependencies,country,Oceania,-21.25,165.3,Q33788
MacquarieI.,Macquarie I.,country,Oceania,17.0833333333,-61.8,Q29971
CostaRica_Guatemala_Honduras_Nicaragua,Costa Rica & Guatemala & Honduras & Nicaragua,group,America,13.193753145428671,-86.63577083873352,
Palau,Palau,country,Oceania,7.466667,134.55,Q695
DemeraraandEssequibo,Demerara and Essequibo,country,America,6.8121,-58.1701,Q5255160
Japan_RepublicofChinaTaiwanFormosa_KwangtungTerritoryLeased,Japan & Republic of China (Taiwan) (Formosa) & Kwangtung Territory (Leased),group,Asia,27.46666666666667,123.5,
Monaco,Monaco,country,Europe,43.7333333333,7.4166666667,Q235
FrenchWestAfrica,French West Africa,country,Africa,14.492626,-5.660918,Q210682
Hamburg_GermanyZollverein,Hamburg & Germany (Zollverein),group,Europe,52.241,10.6325,
FaeroeIs.,Faeroe Is.,country,Europe,61.9699444444,-6.8444805556,Q4628
UnitedKingdom_ChannelIs.,United Kingdom & Channel Is.,group,Europe,54.6,-2.0,
NicobarIs._TranquebarandSerampore,Nicobar Is. & Tranquebar and Serampore,group,Asia,9.44958333335,86.67652778,
Japan_KoreaChosen,Japan & Korea (Chosen),group,Asia,36.65833333335,131.61666666665,
Paraguay_Uruguay,Paraguay & Uruguay,group,America,-28.116666666650005,-57.32500000000001,
Fujairah,Fujairah,country,Asia,25.133333,56.333333,Q4091
Bremen_Hamburg,Bremen & Hamburg,group,Europe,53.44863333335,9.29565,
Rotterdam,Rotterdam,country,Europe,51.9225,4.47917,Q34370
DavisStrait_Greenland,Davis Strait & Greenland,group,America,72.0,-40.0,
Serbia,Serbia,country,Europe,43.95,20.9333333333,Q403
CapeColony_EastIndies_Mauritius,Cape Colony & East Indies & Mauritius,group,World,-26.6,37.75,
IraqMesopotamia_Kuwait,Iraq (Mesopotamia) & Kuwait,group,Asia,31.083333500000002,45.300000000000004,
St.PierreandMiquelon_FrenchGuyana,St. Pierre and Miquelon & French Guyana,group,America,25.41193,-54.63747,
TrinidadandTobago,Trinidad and Tobago,country,America,10.6666666667,-61.5166666667,Q754
Comoros,Comoros,country,Africa,-12.183333,44.233333,Q970
SaxeAltenburg,Saxe Altenburg,country,Europe,50.9785,12.4339,Q158151
Gibraltar_Malta,Gibraltar & Malta,group,Europe,36.01054166665,4.577319444450001,
SouthWestAfricaGermanWestAfricaNamibia_Kamerun_GermanTogoland,South West Africa (German West Africa) (Namibia) & Kamerun & German Togoland,group,Africa,-4.230366666666667,9.290933333333333,
ChinaPeople'sRepublicofChina_EastIndiaCompany_SriLankaCeylon,China (People's Republic of China) & East India Company & Sri Lanka (Ceylon),group,Asia,21.0,92.0,
St.MariedeMadagascar_Mayotte_NossiBe,St. Marie de Madagascar & Mayotte & Nossi Be,group,Africa,-14.331018518533334,47.76833333333334,
Transvaal,Transvaal,country,Africa,-25,30,Q190959
EgyptUnitedArabRepublic,Egypt/United Arab Republic,country,Africa,27,29,Q79
EgyptUnitedArabRepublic_LibyaTripolitaniaCyrenaicaFezzan,Egypt/United Arab Republic & Libya (Tripolitania Cyrenaica Fezzan),group,Africa,27.0,22.999999999999996,
ZambiaNorthernRhodesia_ZimbabweRhodesiaSouthernRhodesia,Zambia (Northern Rhodesia) & Zimbabwe (Rhodesia) (Southern Rhodesia),group,Africa,-16.5666666667,28.825,
Argentina_Uruguay,Argentina & Uruguay,group,America,-33.366666666650005,-60.325,
Cyprus_AsianTurkey,Cyprus & Asian Turkey,group,World,35.0,33.0,
WesternAnatolia,Western Anatolia,country,Asia,39,32,Q51614
ElSalvador,El Salvador,country,America,13.668889,-88.866111,Q792
CanaryIs._AzoresWesternIsles,Canary Is. & Azores (Western Isles),group,World,33.518,-21.874499999999998,
Schleswig,Schleswig,country,Europe,55.1666666667,9.25,Q26167
TanzaniaTanganyikaGermanEastAfrica,Tanzania (Tanganyika) (German East Africa),country,Africa,-6.8324,39.2672,Q153963
Mexico,Mexico,country,America,23,-102,Q96
MalaysiaMalaya_Sumatra,Malaysia (Malaya) & Sumatra,group,Asia,3.0000000000000004,108.0,
India_Mauritius,India & Mauritius,group,World,0.9000000000000002,67.25,
QuebecLowerCanada,Quebec (Lower Canada),country,America,52,-72,Q176
BritishSouthAfrica_CapeColony,British South Africa & Cape Colony,group,Africa,-33.0,18.0,
KerguelenIs._MalagasyRepublicMadagascar,Kerguelen Is. & Malagasy Republic (Madagascar),group,World,-34.625,58.08333333334999,
CochinChina_ThailandSiam,Cochin China & Thailand (Siam),group,Asia,14.477500000000003,105.97,
BritishEastAfrica_CapeColony_MalagasyRepublicMadagascar,British East Africa & Cape Colony & Malagasy Republic (Madagascar),group,Africa,-26.5,32.5,
Hawaii_UnitedStatesofAmerica,Hawaii & United States of America,group,America,30.103194444450004,-117.4165277778,
WestIrianDutchNewGuinea,West Irian (Dutch New Guinea),country,Oceania,-5,136,Q3845
Venezuela,Venezuela,country,America,8,-67,Q717
DominicanRepublicSantoDomingo_Haiti,Dominican Republic (Santo Domingo) & Haiti,group,America,18.9,-71.5,
Aden_StraitsSettlements,Aden & Straits Settlements,group,Asia,7.083333333350001,74.41666666665,
CapeBretonI._NovaScotia,Cape Breton I. & Nova Scotia,group,America,45.58333333335,-61.87499999999999,
Greece_IonianIs.,Greece & Ionian Is.,group,Europe,38.5,21.75,
MalagasyRepublicMadagascar_MalagasyRepublicMadagascarDependencies,Malagasy Republic (Madagascar) & Malagasy Republic (Madagascar) Dependencies,group,Africa,-20.0,47.0,
NorthernNigeria,Northern Nigeria,country,Africa,9.8,6.15,Q585408
Honduras,Honduras,country,America,14.633333,-86.816667,Q783
Rwanda-Urundi_ZaireKinshasaBelgianCongo,Rwanda-Urundi & Zaire (Kinshasa) (Belgian Congo),group,Africa,-2.8121,26.777650000000005,
Haiti_Venezuela,Haiti & Venezuela,group,America,13.5,-69.9,
Denmark_FaeroeIs._Iceland,Denmark & Faeroe Is. & Iceland,group,Europe,60.989981481466664,-5.281493518533333,
Dardanelles-Istanbul_Greece_Levant,Dardanelles-Istanbul & Greece & Levant,group,World,39.754999999999995,25.980138888899997,
ThailandSiam_BurmaMyanmar,Thailand (Siam) & Burma (Myanmar),group,Asia,18.0,98.5,
DodecaneseIs.AegeanIs._IzmirSmyrna,Dodecanese Is. (Aegean Is.) & Izmir (Smyrna),group,World,36.373,27.218,
SocietyIs.,Society Is.,country,Oceania,-17.5333333333,-149.8333333333,Q118920
MecklenburgSchwerin_Oldenburg,Mecklenburg Schwerin & Oldenburg,group,Europe,53.38635944445001,9.813879444449999,
Singapore,Singapore,country,Asia,1.3,103.8,Q334
FrenchEquatorialAfrica_FrenchWestAfrica,French Equatorial Africa & French West Africa,group,Africa,5.112979665000001,4.8112076649999995,
Palestine,Palestine,country,Asia,31.7790277778,35.2371111111,Q219060
Argentina_PatagoniaAtlanticCoast,Argentina & Patagonia (Atlantic Coast),group,America,-34.0,-64.0,
NossiBe,Nossi Be,country,Africa,-13.3166666667,48.25,Q1330558
Portugal_PortugueseEastAfrica,Portugal & Portuguese East Africa,group,World,38.7,-9.1833333333,
Greece_Turkey_Romania,Greece & Turkey & Romania,group,World,41.16666666666667,28.0,
Aden_Algeria_EgyptUnitedArabRepublic_IranPersia_Morocco_AsianTurkey,Aden & Algeria & Egypt/United Arab Republic & Iran (Persia) & Morocco & Asian Turkey,group,World,25.522681745943885,29.672640475037202,
NewBrunswick_NovaScotia_OntarioUpperCanada_PrinceEdwardIs._QuebecLowerCanada,New Brunswick & Nova Scotia & Ontario (Upper Canada) & Prince Edward Is. & Quebec (Lower Canada),group,America,48.88305613305613,-72.64726264726265,
IraqMesopotamia,Iraq (Mesopotamia),country,Asia,33,43,Q796
Guatemala_Mexico_Texas,Guatemala & Mexico & Texas,group,America,23.166666666666664,-97.41666666666666,
Denmark_RussiaUSSR,Denmark & Russia/USSR,group,Europe,59.00000000000001,55.00000000000001,
Fiume,Fiume,country,Europe,45.3297222222,14.4322222222,Q1647
CanaryIs.,Canary Is.,country,Africa,28.536,-15.749,Q5813
PhuketProvince_ThailandSiam,Phuket Province & Thailand (Siam),group,Asia,14.0,101.0,
Bahamas,Bahamas,country,America,23.7,-76.4,Q778
SvalbardIs.,Svalbard Is.,country,Arctic,78,16,Q25231
St.Lucia_Tobago,St. Lucia & Tobago,group,America,12.5666665,-60.83350000000001,
CochinChina_Annam_Tonkin,Cochin China & Annam & Tonkin,group,Asia,17.4829,108.11972333333334,
WalvisBay,Walvis Bay,country,Africa,-22.9494444444,14.5069444444,Q220843
VirginIslandsDanishWestIndies,Virgin Islands (Danish West Indies),country,America,18.325,-64.835,Q829655
Fiume_Trieste,Fiume & Trieste,group,Europe,45.48291666665,14.118194444450001,
Obock_Tadjoura,Obock & Tadjoura,group,Africa,11.877500166650002,43.08833316665001,
BurmaMyanmar_Malacca_Singapore,Burma (Myanmar) & Malacca & Singapore,group,Asia,8.500000000000002,100.68366666666665,
Nauru_WesternSamoa,Nauru & Western Samoa,group,Oceania,-7.266666666650001,-2.5333333333500008,
PortugueseIndiaincl.GoaDiuDaman,Portuguese India (incl. Goa Diu Daman),country,Asia,14.701,71.169,Q323904
Gibraltar_Spain,Gibraltar & Spain,group,Europe,38.068875,-4.17268055555,
MalawiNyasaland,Malawi (Nyasaland),country,Africa,-13,34,Q1020
Guadeloupe,Guadeloupe,country,America,16.25,-61.5833333333,Q17012
ClippertonI.,Clipperton I.,country,America,10.2938888889,-109.2172222222,Q161258
St.Barthelemy,St. Barthelemy,country,America,17.897728,-62.8342438,Q25362
Barbados,Barbados,country,America,13.17,-59.5525,Q244
St.MariedeMadagascar,St. Marie de Madagascar,country,Africa,-16.8333333333,49.9166666667,Q1321311
HanseTowns_Prussia,Hanse Towns & Prussia,group,Europe,53.19315,11.805949999999998,
Qatar,Qatar,country,Asia,25.269535,51.212767,Q846
SabahNorthBorneo_Sarawak,Sabah (North Borneo) & Sarawak,group,Asia,4.14402778,115.390555555,
Portugal_Spain,Portugal & Spain,group,Europe,39.35,-6.09166666665,
Algeria_Morocco,Algeria & Morocco,group,Africa,29.999999999999996,-2.5000000000000004,
AscensionI._St.Helena,Ascension I. & St. Helena,group,Atlantic,-11.946250000000001,-10.04236111115,
IonianIs._Malta,Ionian Is. & Malta,group,Europe,37.19166666665,17.5,
BritishAfrica_Gibraltar,British Africa & Gibraltar,group,World,36.13775,-5.3453611111,
CapeVerde,Cape Verde,country,Africa,15.9166666667,-24.0833333333,Q1011
ChristmasI.,Christmas I.,country,Asia,-10.4833333333,105.6333333333,Q31063
BritishEastAfrica_CapeColony_EgyptUnitedArabRepublic_MalagasyRepublicMadagascar,British East Africa & Cape Colony & Egypt/United Arab Republic & Malagasy Republic (Madagascar),group,Africa,-8.666666666666666,31.333333333333336,
Aden_AdenDependencies,Aden & Aden Dependencies,group,Asia,12.8,45.0333333333,
SouthAfrica,South Africa,country,Africa,-29,24,Q258
FrenchEquatorialAfrica,French Equatorial Africa,country,Africa,-4.26666667,15.28333333,Q271894
Chile,Chile,country,America,-33,-71,Q298
Haiti,Haiti,country,America,19,-72.8,Q790
Netherlands_NetherlandsDependencies,Netherlands & Netherlands Dependencies,group,World,52.3166666667,5.55,
Afghanistan,Afghanistan,country,Asia,34,66,Q889
UnitedStatesofAmerica,United States of America,country,America,38.895,-77.0366666667,Q30
ChinaPeople'sRepublicofChina_HongKong_Singapore,China (People's Republic of China) & Hong Kong & Singapore,group,Asia,19.526111111099997,106.9862037037,
Guatemala_Mexico,Guatemala & Mexico,group,America,19.25,-96.125,
Tonkin,Tonkin,country,Asia,21.0245,105.84117,Q1858
Hanover,Hanover,country,Europe,52.3744444444,9.7386111111,Q1715
UnitedKingdom_BritishDependencies,United Kingdom & British Dependencies,group,World,54.6,-2.0,
KuriaMuriaIs.,Kuria Muria Is.,country,Asia,17.5,56,Q521176
LabuanI.,Labuan I.,country,Asia,5.315894,115.219033,Q214504
ZaireKinshasaBelgianCongo,Zaire (Kinshasa) (Belgian Congo),country,Africa,-2.88,23.656,Q974
ChinaPeople'sRepublicofChina_FrenchIndochina_Japan,China (People's Republic of China) & French Indochina & Japan,group,Asia,30.344444444433332,114.95,
Baden,Baden,country,Europe,49.01666667,8.4,Q6877935
MarianaIs._Philippines,Mariana Is. & Philippines,group,World,14.066666665000001,134.375,
ChinaPeople'sRepublicofChina_India_PacificIslands,China (People's Republic of China) & India & Pacific Islands,group,World,28.500000000000004,90.0,
Honduras_MexicanEastCoast,Honduras & Mexican East Coast,group,America,14.633333000000002,-86.816667,
MecklenburgSchwerin,Mecklenburg Schwerin,country,Europe,53.62883,11.41387,Q158445
Algeria_France_Morocco_Tunisia,Algeria & France & Morocco & Tunisia,group,World,36.030905077262695,1.9139072847682115,
BritishAntilles_UnitedKingdom,British Antilles & United Kingdom,group,World,54.6,-2.0,
Curacao_DutchWindwardIs._SintEustatius,Curacao & Dutch Windward Is. & Sint Eustatius,group,America,15.8889,-64.98887777779998,
Somalia,Somalia,country,Africa,6,47,Q1045
Gibraltar_Newfoundland_UnitedKingdom,Gibraltar & Newfoundland & United Kingdom,group,Europe,47.91258333333334,-22.448453703699997,
SouthAfrica_BotswanaBechuanaland,South Africa & Botswana (Bechuanaland),group,Africa,-25.6,23.85,
ChinaPeople'sRepublicofChina_Philippines_ThailandSiam,China (People's Republic of China) & Philippines & Thailand (Siam),group,Asia,20.333333333333336,109.0,
Guadeloupe_Martinique_Reunion,Guadeloupe & Martinique & Reunion,group,World,3.2674074074333324,-22.35027777776667,
BuenosAires,Buenos Aires,country,America,-34.5997222222,-58.3819444444,Q1486
Galicia_Poland_Russianprovinces,Galicia & Poland & Russian provinces,group,Europe,52.0,19.0,
Piedmont_Tuscany,Piedmont & Tuscany,group,Europe,43.35,11.0166666667,
CochinChina_KampucheaCambodia_Tonkin,Cochin China & Kampuchea (Cambodia) & Tonkin,group,Asia,16.193166666666666,107.26039000000003,
CaymanIs.,Cayman Is.,country,America,19.5,-80.5,Q5785
St.Barthelemy_VirginIslandsDanishWestIndies_FrenchWestIndies_NetherlandsAntilles_SpanishAntilles,St. Barthelemy & Virgin Islands (Danish West Indies) & French West Indies & Netherlands Antilles & Spanish Antilles,group,America,17.074242666666667,-64.5564146,
CochinChina,Cochin China,country,Asia,14.955,110.94,Q505503
Odessa,Odessa,country,Europe,46.47747,30.73262,Q1874
ItalianColonies_Italy,Italian Colonies & Italy,group,World,42.5,12.5,
India_NewSouthWales_UnitedKingdom,India & New South Wales & United Kingdom,group,World,14.866666666666669,74.0,
ViceroyaltyofNewSpain,Viceroyalty of New Spain,country,America,27.732,-103.293,Q170603
Brunei_SabahNorthBorneo_Sarawak,Brunei & Sabah (North Borneo) & Sarawak,group,Asia,4.229351853333333,115.11592603666666,
SaudiArabiaNejdWahabbidEmpire,Saudi Arabia (Nejd Wahabbid Empire),country,Asia,23.716667,44.116667,Q851
FrenchIndia_FrenchWestIndies,French India & French West Indies,group,World,11.9341,79.8306,
KolkataCalcutta_SriLankaCeylon,Kolkata (Calcutta) & Sri Lanka (Ceylon),group,Asia,7.0,81.0,
CongoBrazzavilleFrenchCongoMiddleCongo_FrenchWestAfricaother_Senegal,Congo (Brazzaville) (French Congo) (Middle Congo) & French West Africa (other) & Senegal,group,Africa,6.808333500000001,0.5499987778,
FrenchAsia_FrenchIndia_PortugueseAsia,French Asia & French India & Portuguese Asia,group,Asia,11.9341,79.8306,
ChinaPeople'sRepublicofChina_CochinChina_Oceania,China (People's Republic of China) & Cochin China & Oceania,group,World,24.977499999999996,106.96999999999998,
NegriSembilan,Negri Sembilan,country,Asia,2.75,102.25,Q213893
BotswanaBechuanaland_LesothoBasutoland_Swaziland,Botswana (Bechuanaland) & Lesotho (Basutoland) & Swaziland,group,Africa,-26.077777666666666,27.794444333333338,
AzoresWesternIsles_CapeVerde_MadeiraIsles,Azores (Western Isles) & Cape Verde & Madeira Isles,group,World,29.055555555566663,-23.02777777776667,
Aden_other,Aden & other,group,World,12.8,45.0333333333,
Naples_Sicily,Naples & Sicily,group,Europe,37.5999583333,14.0153777778,
PortugueseTimor,Portuguese Timor,country,Asia,-8.55,125.583333,Q142965
Denmark_VirginIslandsDanishWestIndies,Denmark & Virgin Islands (Danish West Indies),group,World,37.1625,-27.417499999999997,
Poland,Poland,country,Europe,52,19,Q36
ZimbabweRhodesiaSouthernRhodesia,Zimbabwe (Rhodesia) (Southern Rhodesia),country,Africa,-19.0166666667,30.0166666667,Q750583
Hanover_MecklenburgSchwerin_Oldenburg,Hanover & Mecklenburg Schwerin & Oldenburg,group,Europe,53.04905444443333,9.788789999999999,
Crete,Crete,country,Europe,35.3097222222,24.8933333333,Q34374
NewSouthWales_SouthAustralia_Tasmania_Victoria,New South Wales & South Australia & Tasmania & Victoria,group,Oceania,-34.666666666666664,143.0,
NetherlandsAntilles_WestIrianDutchNewGuinea,Netherlands Antilles & West Irian (Dutch New Guinea),group,World,4.999999999999999,35.0,
Lucca_Modena_PapalStates_Parma_Tuscany,Lucca & Modena & Papal States & Parma & Tuscany,group,Europe,43.6455880901131,11.159530663878613,
Belgium_Luxemburg,Belgium & Luxemburg,group,Europe,50.205555555550006,5.399027777800001,
Bali_Lombok_Sumbawa,Bali & Lombok & Sumbawa,group,Asia,-8.45,115.71952777780001,
NiueI.,Niue I.,country,Oceania,-19.05,-169.9166666667,Q34020
Kiauchau,Kiauchau,country,Asia,36.1234555556,120.2456388889,Q489170
ZambiaNorthernRhodesia,Zambia (Northern Rhodesia),country,Africa,-14.1166666667,27.6333333333,Q953903
Germany_Poland,Germany & Poland,group,Europe,51.5,14.500000000000002,
PortoNovo,Porto Novo,country,Africa,6.4833333333,2.6166666667,Q3799
Dalny_KoreaChosen_Vladivostok,Dalny & Korea (Chosen) & Vladivostok,group,World,40.7166666667,129.56666666665,
GermanSolomonIs.,German Solomon Is.,country,Oceania,-69.38111,76.16167,Q21472116
StraitsSettlements,Straits Settlements,country,Asia,1.3666666667,103.8,Q376178
Algeria_Morocco_Tunisia_Zanzibar,Algeria & Morocco & Tunisia & Zanzibar,group,Africa,19.955555555566672,14.438888888900001,
HongKong,Hong Kong,country,Asia,22.2783333333,114.1586111111,Q8646
Cuba,Cuba,country,America,22,-79.5,Q241
NewBrunswick,New Brunswick,country,America,46.6,-66,Q1965
SriLankaCeylon_SriLankaCeylonDependencies,Sri Lanka (Ceylon) & Sri Lanka (Ceylon) Dependencies,group,Asia,7.0,81.0,
YemenPeople'sRepublic,Yemen People's Republic,country,Asia,12.8,45.0333333333,Q199841
EuropeanTurkey_Romania,European Turkey & Romania,group,Europe,46.0,25.0,
India_ThailandSiam,India & Thailand (Siam),group,Asia,18.0,89.0,
TwoSicilies,Two Sicilies,country,Europe,40.83333333,14.25,Q180393
FalklandIs._FalklandIs.Dependencies,Falkland Is. & Falkland Is. Dependencies,group,World,-51.75,-59.00000000000001,
KingdomofSardinia_PapalStates_TwoSicilies,Kingdom of Sardinia & Papal States & Two Sicilies,group,Europe,40.93644444333333,11.894333333333334,
Liberia,Liberia,country,Africa,6.533333,-9.75,Q1014
Greece_Malta,Greece & Malta,group,Europe,37.19166666665,18.75,
CrozetIs.,Crozet Is.,country,Oceania,-46.388979,51.7053,Q201698
Australia_Oceania,Australia & Oceania,group,Oceania,-28.0,137.0,
KingdomofSardinia,Kingdom of Sardinia,country,Europe,40.072,8.98,Q165154
PuertoRico_SpanishAntillesother,Puerto Rico & Spanish Antilles (other),group,America,18.25,-66.5,
SaxeMeiningen,Saxe Meiningen,country,Europe,50.5734,10.4155,Q157710
FanningI.,Fanning I.,country,Oceania,3.86,-159.3644444444,Q127335
VanuatuNewHebrides,Vanuatu (New Hebrides),country,Oceania,-16.6333305556,168.0166694444,Q686
Ireland_UnitedKingdom,Ireland & United Kingdom,group,Europe,53.800000000000004,-5.0,
SaxeWeimar,Saxe Weimar,country,Europe,50.9803,11.3291,Q315667
Estonia,Estonia,country,Europe,59,26,Q191
Morocco,Morocco,country,Africa,32,-6,Q1028
Mauritius_MauritiusDependencies,Mauritius & Mauritius Dependencies,group,World,-20.2,57.5,
Texas,Texas,country,America,31,-100,Q1439
KenyaBritishEastAfricaProtectorate,Kenya (British East Africa Protectorate),country,Africa,0.1,38,Q114
Bokhara,Bokhara,country,Asia,39.7747222222,64.4286111111,Q746558
Moldavia_Wallachia,Moldavia & Wallachia,group,Europe,45.83333333335,27.308333500000003,
CostaRica_ElSalvador_Guatemala,Costa Rica & El Salvador & Guatemala,group,America,13.056296333333334,-87.70537033333333,
Bengal_SriLankaCeylon,Bengal & Sri Lanka (Ceylon),group,Asia,7.0,81.0,
BritishOceania_NewZealand,British Oceania & New Zealand,group,Oceania,-41.2,174.0,
Germany_Saar,Germany & Saar,group,Europe,50.188575,8.4391888889,
Austria-HungaryPorts_Trieste,Austria-Hungary Ports & Trieste,group,Europe,45.6361111111,13.8041666667,
Austria-Hungary_Lombardy-Venetia,Austria-Hungary & Lombardy-Venetia,group,Europe,48.2,16.35,
Peru,Peru,country,America,-9.4,-76,Q419
Belgium_Germany_Italy_Netherlands_RussiaUSSR,Belgium & Germany & Italy & Netherlands & Russia/USSR,group,Europe,52.19646964949634,38.714230064549646,
Holstein_Schleswig,Holstein & Schleswig,group,Europe,54.66668333335,9.458335,
Goree,Goree,country,Africa,14.6669444444,-17.3983333333,Q244347
WindwardIs.,Windward Is.,country,America,13.25,-61.2,Q2660774
NewGuineaGermanNewGuineaKaiserWilhelmsland_NewGuineaGermanNewGuineaKaiserWilhelmslanddependencies,New Guinea (German New Guinea) (Kaiser Wilhelmsland) & New Guinea (German New Guinea) (Kaiser Wilhelmsland) dependencies,group,World,-4.2149,152.1606,
DanishColonies_Denmark,Danish Colonies & Denmark,group,World,56.0,10.0,
Denmark_Sweden,Denmark & Sweden,group,Europe,58.5,12.5,
Belgium_Germany_IranPersia_Morocco_Othercountries_Sweden,Belgium & Germany & Iran (Persia) & Morocco & Other countries & Sweden,group,World,41.95113721193685,19.929102553233577,
JordanTransjordan_Palestine,Jordan (Transjordan) & Palestine,group,Asia,31.4895138889,35.86855555555,
CookIs.,Cook Is.,country,Oceania,-15,-161,Q26988
Belgium_Germany_Morocco_Othercountries_Spain,Belgium & Germany & Morocco & Other countries & Spain,group,World,43.68391995782265,1.8693043946176768,
UnitedKingdom_BritishMediterranean,United Kingdom & British Mediterranean,group,Europe,54.6,-2.0,
Greenland,Greenland,country,America,72,-40,Q223
CoromandelCoastPosts,Coromandel Coast Posts,country,Asia,13.3666666667,80.3333333333,Q182561
Turkey_WesternAnatolia,Turkey & Western Anatolia,group,Asia,39.0,34.0,
Manchuria,Manchuria,country,Asia,45,125,Q81126
BuenosAires_Montevideo,Buenos Aires & Montevideo,group,America,-34.5997222222,-58.3819444444,
Cyprus_Gozo_Malta,Cyprus & Gozo & Malta,group,Europe,35.44166666665,23.75,
Denmark_MadeiraIsles_Spain,Denmark & Madeira Isles & Spain,group,World,42.916666666666664,-3.3333333333333335,
Mozambique_Zanzibar,Mozambique & Zanzibar,group,Africa,-12.56666666665,37.15833333335,
Cyprus_Malta,Cyprus & Malta,group,Europe,35.44166666665,23.75,
DodecaneseIs.AegeanIs._Italy,Dodecanese Is. (Aegean Is.) & Italy,group,Europe,39.436499999999995,19.859,
KenyaBritishEastAfricaProtectorate_Zanzibar,Kenya (British East Africa Protectorate) & Zanzibar,group,Africa,-3.0166666666500004,38.65833333335,
Selangore,Selangore,country,Asia,3.3333333333,101.5,Q189710
BritishColumbia,British Columbia,country,America,54.5,-124.5,Q1974
Brunei,Brunei,country,Asia,4.4,114.566667,Q921
SocotraI.,Socotra I.,country,Asia,12.3,53.3,Q2860218
Montenegro,Montenegro,country,Europe,42.766667,19.216667,Q236
Japan_RepublicofChinaTaiwanFormosa,Japan & Republic of China (Taiwan) (Formosa),group,Asia,29.500000000000004,128.5,
NewSouthWales_WesternAustralia,New South Wales & Western Australia,group,Oceania,-29.000000000000004,134.0,
Lucca,Lucca,country,Europe,43.85,10.5166666667,Q13373
CayenneIs._FrenchGuyana,Cayenne Is. & French Guyana,group,America,3.99886,-52.99994,
Senegal,Senegal,country,Africa,14.366667,-14.283333,Q1041
Saxony,Saxony,country,Europe,51.0269444444,13.3588888889,Q1202
FalklandIs.,Falkland Is.,country,America,-51.75,-59,Q9648
Rwanda-Urundi,Rwanda-Urundi,country,Africa,-2.7442,29.8993,Q590743
Milan_PapalStates_Tuscany,Milan & Papal States & Tuscany,group,Europe,43.57364814813334,10.886555555566666,
LibyaTripolitaniaCyrenaicaFezzan_Morocco,Libya (Tripolitania Cyrenaica Fezzan) & Morocco,group,Africa,29.500000000000004,5.5,
CostaRica_ElSalvador_Guatemala_Honduras,Costa Rica & El Salvador & Guatemala & Honduras,group,America,13.306547866142822,-87.17358569637442,
SaoTome-Principe,Sao Tome-Principe,country,Africa,0.316667,6.6,Q1039
BanjermassinDutchBorneo_Brunei_LabuanI._SabahNorthBorneo_Sarawak,Banjermassin (Dutch Borneo) & Brunei & Labuan I. & Sabah (North Borneo) & Sarawak,group,Asia,2.1179915203015898,115.15074187147948,
Spain,Spain,country,Europe,40,-3,Q29
PrinceEdwardIs.,Prince Edward Is.,country,America,46.25,-63,Q1979
Hanover_Oldenburg,Hanover & Oldenburg,group,Europe,52.75916666665,8.97625,
PembaIsland_Zanzibar,Pemba Island & Zanzibar,group,Africa,-6.1333333333,39.3166666667,
Vancouver,Vancouver,country,America,49.25,-123.1,Q24639
St.VincentandtheGrenadines,St. Vincent and the Grenadines,country,America,13.1666666667,-61.2333333333,Q757
PapuaNewGuinea,Papua New Guinea,country,Oceania,-6.3,147,Q691
Greenland_SvalbardIs.,Greenland & Svalbard Is.,group,World,75.0,-12.000000000000002,
UnitedKingdom_BritishColonies,United Kingdom & British Colonies,group,World,54.6,-2.0,
ThailandSiam,Thailand (Siam),country,Asia,14,101,Q869
ChinaPeople'sRepublicofChina_India,China (People's Republic of China) & India,group,Asia,28.500000000000004,90.0,
Pahang,Pahang,country,Asia,3.75,102.5,Q191346
SouthWestAfricaGermanWestAfricaNamibia_TogoFrenchTogoland,South West Africa (German West Africa) (Namibia) & Togo (French Togoland),group,Africa,-7.375000000000001,9.0916665,
CanaryIs._SpanishMorocco,Canary Is. & Spanish Morocco,group,Africa,31.768,-10.1245,
CongoBrazzavilleFrenchCongoMiddleCongo,Congo (Brazzaville) (French Congo) (Middle Congo),country,Africa,-0.75,15.3833305556,Q971
Mauritius_Seychelles,Mauritius & Seychelles,group,Africa,-13.649999999999999,55.1333335,
Philippines,Philippines,country,Asia,12,123,Q928
Java_Bali_Riau,Java & Bali & Riau,group,Asia,-3.9008333333500005,108.2690277778,
QuebecLowerCanada_OntarioUpperCanada_Manitoba_Rupert'sLand_NorthwestTerritories,Quebec (Lower Canada) & Ontario (Upper Canada) & Manitoba & Rupert's Land & Northwest Territories,group,America,52.99999999999999,-83.1,
EgyptUnitedArabRepublic_SudanAnglo-Egyptian,Egypt/United Arab Republic & Sudan (Anglo-Egyptian),group,Africa,21.3165277778,30.7665277778,
France,France,country,Europe,47,2,Q142
KingdomofSardinia_Monaco,Kingdom of Sardinia & Monaco,group,Europe,41.902666666650006,8.19833333335,
Bengal_BurmaMyanmar,Bengal & Burma (Myanmar),group,Asia,22.0,96.00000000000001,
Sind,Sind,country,Asia,24.87,67.05,Q37211
NewSouthWales_Queensland,New South Wales & Queensland,group,Oceania,-26.0,145.0,
Penang,Penang,country,Asia,5.3833305556,100.25,Q188096
Bermuda,Bermuda,country,America,32.333333,-64.75,Q23635
FrenchGuyana,French Guyana,country,America,3.99886,-52.99994,Q3769
FrenchGuyana_FrenchWestIndies,French Guyana & French West Indies,group,America,3.99886,-52.99994,
France_Tahiti,France & Tahiti,group,World,14.66666666665,-73.73333333335,
Saar,Saar,country,Europe,49.37715,6.8783777778,Q1201
AzoresWesternIsles_MadeiraIsles_Portugal,Azores (Western Isles) & Madeira Isles & Portugal,group,World,36.65,-18.0611111111,
Moldavia_EuropeanTurkey_Wallachia,Moldavia & European Turkey & Wallachia,group,Europe,45.83333333335,27.308333500000003,
Albania_YugoslaviaSerbia,Albania & Yugoslavia/Serbia,group,Europe,42.910277777800005,20.2311111111,
Trieste_RepublicofSt.Mark_Fiume,Trieste & Republic of St. Mark & Fiume,group,Europe,45.51627777776666,13.6397962963,
Denmark_Norway,Denmark & Norway,group,Europe,60.5,10.5,
EgyptUnitedArabRepublic_Othercountries,Egypt/United Arab Republic & Other countries,group,World,27.0,29.000000000000004,
Guatemala_Nicaragua,Guatemala & Nicaragua,group,America,14.250000000000002,-87.62500000000001,
DodecaneseIs.AegeanIs.,Dodecanese Is. (Aegean Is.),country,Europe,36.373,27.218,Q131555
Moresnet,Moresnet,country,Europe,50.7302777778,6.0133333333,Q151938
Nevis,Nevis,country,America,17.15,-62.5833333333,Q207794
Bulgaria_Montenegro_EuropeanTurkey_YugoslaviaSerbia,Bulgaria & Montenegro & European Turkey & Yugoslavia/Serbia,group,Europe,43.44574085186666,21.7262964074,
France_FrenchColonies,France & French Colonies,group,World,47.0,2.0,
HanseTowns_Hanover_Heligoland_Kniphausen_MecklenburgSchwerin_Oldenburg,Hanse Towns & Hanover & Heligoland & Kniphausen & Mecklenburg Schwerin & Oldenburg,group,Europe,53.37759442576531,9.477134799707022,
Bosnia-Herzegovina,Bosnia-Herzegovina,country,Europe,44,18,Q225
Bremen_Hamburg_Hanover_Lübeck,Bremen & Hamburg & Hanover & Lübeck,group,Europe,53.19714444443334,9.672100000000002,
FrenchWestAfrica_TogoFrenchTogoland,French West Africa & Togo (French Togoland),group,Africa,11.371313,-2.2387925,
Aden_BritishEastAfrica,Aden & British East Africa,group,World,12.8,45.0333333333,
Danzig,Danzig,country,Europe,54.3666666667,18.6333333333,Q1792
Kuwait,Kuwait,country,Asia,29.166667,47.6,Q817
Spain_SpanishAntilles,Spain & Spanish Antilles,group,World,40.0,-3.0000000000000004,
Queensland,Queensland,country,Oceania,-20,143,Q36074
Bengal_India_PersianGulf,Bengal & India & Persian Gulf,group,Asia,22.0,77.0,
Denmark_Greenland,Denmark & Greenland,group,World,64.0,-15.000000000000002,
Bulgaria_Romania_YugoslaviaSerbia,Bulgaria & Romania & Yugoslavia/Serbia,group,Europe,44.52351851853334,23.654074074066664,
GuyanaBr.Guiana,Guyana (Br. Guiana),country,America,5.733333,-59.316667,Q734
SabahNorthBorneo,Sabah (North Borneo),country,Asia,5.25,117,Q179029
BelizeBritishHonduras_BritishWestIndies,Belize (British Honduras) & British West Indies,group,America,17.0666666667,-88.7,
"YemenArabRepublicNorthYemen,KingdomofYemen","Yemen Arab Republic (North Yemen, Kingdom of Yemen)",country,Asia,15.3547222222,44.2066666667,Q1998401
MalagasyRepublicMadagascar,Malagasy Republic (Madagascar),country,Africa,-20,47,Q1019
IvoryCoast,Ivory Coast,country,Africa,8,-6,Q1008
ChinaPeople'sRepublicofChina_EastIndies,China (People's Republic of China) & East Indies,group,Asia,35.0,103.0,
Cracow,Cracow,country,Europe,50.0613888889,19.9372222222,Q31487
Brazil_ViceroyaltyofLaPlata,Brazil & Viceroyalty of La Plata,group,America,-24.3333335,-55.7,
SriLankaCeylon,Sri Lanka (Ceylon),country,Asia,7,81,Q854
Fiume_KingdomofSardinia_Milan_PapalStates_RepublicofSt.Mark_Tuscany_TwoSicilies,Fiume & Kingdom of Sardinia & Milan & Papal States & Republic of St. Mark & Tuscany & Two Sicilies,group,Europe,42.97353109431498,11.643077301601497,
SaxeWeimar_SaxeAltenburg_SaxeCoburgandGotha_SaxeMeiningen,Saxe Weimar & Saxe Altenburg & Saxe Coburg and Gotha & Saxe Meiningen,group,Europe,50.6862469251638,11.313158620301007,
Japan_SouthernSakhalinI.,Japan & Southern Sakhalin I.,group,Asia,35.0,136.0,
Modena_Parma_Tuscany,Modena & Parma & Tuscany,group,Europe,44.26809074073333,10.747422222233336,
Mozambique_ZambiaNorthernRhodesia,Mozambique & Zambia (Northern Rhodesia),group,Africa,-16.55833333335,31.31666666665,
Afghanistan_IranPersia_AsianTurkey,Afghanistan & Iran (Persia) & Asian Turkey,group,Asia,33.0,59.5,
Crete_Greece,Crete & Greece,group,Europe,36.904861111100004,23.946666666650003,
CostaRica,Costa Rica,country,America,10,-84,Q800
MalaysiaMalaya,Malaysia (Malaya),country,Asia,3,108,Q833
CapeColony_Gambia_GuineaFrenchGuineaRivieresduSud_Mauritius_Senegal,Cape Colony & Gambia & Guinea (French Guinea) (Rivieres du Sud) & Mauritius & Senegal,group,Africa,-12.34628546956128,19.04054865459259,
Comoros_MalagasyRepublicMadagascar,Comoros & Malagasy Republic (Madagascar),group,Africa,-16.0916665,45.6166665,
Brazil,Brazil,country,America,-14,-53,Q155
India_BritishAsiaother,India & British Asia (other),group,Asia,22.0,77.0,
Bavaria,Bavaria,country,Europe,48.7775,11.4311111111,Q980
GermanTogoland,German Togoland,country,Africa,6.272,1.187,Q161062
BaluchistanKalat,Baluchistan (Kalat),country,Asia,28,66,Q2336399
GermanyZollverein,Germany (Zollverein),country,Europe,50.932,11.265,Q155707
Japan_JapaneseChinaLeasedTerritory_RepublicofChinaTaiwanFormosa,Japan & Japanese China Leased Territory & Republic of China (Taiwan) (Formosa),group,Asia,29.500000000000004,128.5,
Tangier,Tangier,country,Africa,35.7847222222,-5.8125,Q126148
BritishNorthAmerica_UnitedStatesofAmerica,British North America & United States of America,group,America,38.895,-77.0366666667,
Berbice,Berbice,country,America,6.23369,-57.543,Q675322
Argentina_Uruguay_Paraguay,Argentina & Uruguay & Paraguay,group,America,-30.077777777766666,-59.55000000000001,
Denmark_DenmarkDependencies,Denmark & Denmark Dependencies,group,World,56.0,10.0,
BritishSomalilandSomalilandRepublic_DjiboutiAfarandIssasFrenchSomaliland,British Somaliland (Somaliland Republic) & Djibouti (Afar and Issas) (French Somaliland),group,Africa,10.675,43.24999983335,
FrenchIndia_India_PortugueseIndiaincl.GoaDiuDaman,French India & India & Portuguese India (incl. Goa Diu Daman),group,Asia,16.2117,75.99986666666666,
CapeColony_Mauritius,Cape Colony & Mauritius,group,Africa,-26.6,37.75,
Iceland,Iceland,country,Europe,65,-19,Q189
Guinea-BissauPortugueseGuinea,Guinea-Bissau (Portuguese Guinea),country,Africa,12,-15,Q1007
U.S.PacificTrustTerritories,U. S. Pacific Trust Territories,country,Asia,10.5,152,Q129237
CapeColony,Cape Colony,country,Africa,-33,18,Q370736
BurmaMyanmar_India_StraitsSettlements,Burma (Myanmar) & India & Straits Settlements,group,Asia,15.122222222233335,92.26666666666668,
Corfu,Corfu,country,Europe,39.6238888889,19.82,Q121378
Jamaica,Jamaica,country,America,18.18,-77.4,Q766
TurkishPorts_HejazSultanate,Turkish Ports & Hejaz Sultanate,group,Asia,21.4225,39.82611111,
DominicanRepublicSantoDomingo,Dominican Republic (Santo Domingo),country,America,18.8,-70.2,Q786
Weihaiwei,Weihaiwei,country,Asia,37.5,122.1,Q373023
CapeVerde_Macao_PortugueseIndiaincl.GoaDiuDaman_PortugueseTimor_SaoTome-Principe,Cape Verde & Macao & Portuguese India (incl. Goa Diu Daman) & Portuguese Timor & Sao Tome-Principe,group,World,7.8846119295776065,62.09046866092043,
LabuanI._StraitsSettlements,Labuan I. & Straits Settlements,group,Asia,3.3412803333500003,109.50951649999999,
SolomonIslands,Solomon Islands,country,Oceania,-9.4666666667,159.8166666667,Q685
Canada,Canada,country,America,56,-109,Q16
TokelauIs.,Tokelau Is.,country,Oceania,-9.1666666667,-171.8333333333,Q36823
Bulgaria_EuropeanTurkey,Bulgaria & European Turkey,group,Europe,42.75,25.5,
ChinaPeople'sRepublicofChina_Mongolia,China (People's Republic of China) & Mongolia,group,Asia,41.0,103.5,
Cuba_Haiti_Othercountries_PuertoRico,Cuba & Haiti & Other countries & Puerto Rico,group,World,19.75,-72.93333333333334,
Australia_NewCaledonia_NewZealand,Australia & New Caledonia & New Zealand,group,Oceania,-34.6,155.5,
FaeroeIs._Greenland_Iceland,Faeroe Is. & Greenland & Iceland,group,World,66.3233148148,-21.9481601852,
Spain_SpanishDependencies,Spain & Spanish Dependencies,group,World,40.0,-3.0000000000000004,
Hungary,Hungary,country,Europe,47,19,Q28
Denmark_Norway_Sweden,Denmark & Norway & Sweden,group,Europe,60.666666666666664,12.000000000000002,
Annam_CochinChina_KampucheaCambodia_FrenchChinaLeasedTerritory_Tonkin,Annam & Cochin China & Kampuchea (Cambodia) & French China Leased Territory & Tonkin,group,Asia,16.193166666666666,107.26039000000003,
Japan,Japan,country,Asia,35,136,Q17
BritishAntillesother_Jamaica_JamaicaDependencies_TrinidadandTobago,British Antilles (other) & Jamaica & Jamaica Dependencies & Trinidad and Tobago,group,America,14.42333333335,-69.45833333335,
Bulgaria_Crete_EuropeanTurkey,Bulgaria & Crete & European Turkey,group,Europe,39.029861111100004,25.19666666665,
Tobago,Tobago,country,America,11.25,-60.667,Q185111
Denmark_FaeroeIs.,Denmark & Faeroe Is.,group,Europe,58.9849722222,1.5777597222000002,
Austria,Austria,country,Europe,48,14,Q40
Curacao,Curacao,country,America,12.1666666667,-68.9666666667,Q25279
EgyptUnitedArabRepublic_Syria,Egypt/United Arab Republic & Syria,group,World,31.1083335,33.791666500000005,
Mayotte,Mayotte,country,Africa,-12.8430555556,45.1383333333,Q17063
Mauritius,Mauritius,country,Africa,-20.2,57.5,Q1027
Kamerun,Kamerun,country,Africa,4.0369,9.6858,Q668294
EgyptUnitedArabRepublic_IndianTransit,Egypt/United Arab Republic & Indian Transit,group,World,27.0,29.000000000000004,
ChinaPeople'sRepublicofChina_Manchuria,China (People's Republic of China) & Manchuria,group,Asia,40.0,114.00000000000001,
Morocco_LibyaTripolitaniaCyrenaicaFezzan,Morocco & Libya (Tripolitania Cyrenaica Fezzan),group,Africa,29.500000000000004,5.5,
Sicily,Sicily,country,Europe,37.5999583333,14.0153777778,Q1460
Switzerland,Switzerland,country,Europe,46.798562,8.231973,Q39
FrenchWestIndies_St.PierreandMiquelon,French West Indies & St. Pierre and Miquelon,group,America,46.825,-56.275,
Malacca_Penang_Singapore,Malacca & Penang & Singapore,group,Asia,2.9611101852,102.10033333333332,
Gambia_Senegal,Gambia & Senegal,group,Africa,13.933333499999998,-14.8916665,
Lithuania,Lithuania,country,Europe,55.2,24,Q37
Ecuador_Peru,Ecuador & Peru,group,America,-5.2,-77.0,
Oldenburg_Prussia,Oldenburg & Prussia,group,Europe,52.83059444445,10.80139444445,
PapalStates_Tuscany,Papal States & Tuscany,group,Europe,42.627,11.73483333335,
Spain_SpanishColonies,Spain & Spanish Colonies,group,World,40.0,-3.0000000000000004,
RepublicofChinaTaiwanFormosa,Republic of China (Taiwan) (Formosa),country,Asia,24,121,Q865
Eritrea_DjiboutiAfarandIssasFrenchSomaliland,Eritrea & Djibouti (Afar and Issas) (French Somaliland),group,Africa,13.6416665,40.3416665,
Cuba_Curacao_Guadeloupe_Martinique_PuertoRico_St.Thomas_St.Croix,Cuba & Curacao & Guadeloupe & Martinique & Puerto Rico & St. Thomas & St. Croix,group,America,16.666656547169797,-69.33908779351898,
FarEasternRepublic,Far Eastern Republic,country,Europe,51.83333333,107.6,Q61292
Grenada,Grenada,country,America,12.116667,-61.666667,Q769
MadeiraIsles_CanaryIs.,Madeira Isles & Canary Is.,group,Africa,30.642999999999994,-16.374499999999998,
Lombok,Lombok,country,Oceania,-8.565,116.351,Q7564
Tunisia,Tunisia,country,Africa,34,10,Q948
AustralianNorthernTerritory_SouthAustralia,Australian Northern Territory & South Australia,group,Oceania,-29.999999999999996,135.0,
Luxemburg,Luxemburg,country,Europe,49.77,6.13,Q32
Kyrgyzstan,Kyrgyzstan,country,Asia,41,75,Q813
GermanEastAfrica_Germany,German East Africa & Germany,group,World,51.0,10.0,
NewHebrides,New Hebrides,country,Oceania,-16.6333333333,168.0166666667,Q752431
Croatia,Croatia,country,Europe,45.25,15.466667,Q224
BritishSomalilandSomalilandRepublic,British Somaliland (Somaliland Republic),country,Africa,9.55,44.0666666667,Q662653
Australia_WesternAustralia,Australia & Western Australia,group,Oceania,-27.0,129.0,
Angola_PortugueseWestAfrica,Angola & Portuguese West Africa,group,Africa,-12.35,17.35,
GilbertandElliceIs._Kiribati,Gilbert and Ellice Is. & Kiribati,group,Oceania,1.36333333335,173.02666666665,
Milan,Milan,country,Europe,45.4669444444,9.19,Q490
UnitedArabEmiratesTrucialOman,United Arab Emirates (Trucial Oman),country,Asia,23.7833333333,54,Q1852345
Lucca_Monaco_PapalStates,Lucca & Monaco & Papal States,group,Europe,43.16244444443333,10.1287777778,
Prussia,Prussia,country,Europe,52.5173,13.3889,Q38872
Guadeloupe_Martinique,Guadeloupe & Martinique,group,America,15.45833333335,-61.29166666665,
Dardanelles-Istanbul_TurkishPorts,Dardanelles-Istanbul & Turkish Ports,group,Asia,41.01,28.9602777778,
DjiboutiAfarandIssasFrenchSomaliland,Djibouti (Afar and Issas) (French Somaliland),country,Africa,11.8,42.433333,Q977
MadeiraIsles_Portugal,Madeira Isles & Portugal,group,World,35.725,-13.09166666665,
EuropeanTurkey_Crete,European Turkey & Crete,group,Europe,35.3097222222,24.8933333333,
Java_BanjermassinDutchBorneo,Java & Banjermassin (Dutch Borneo),group,Asia,-3.3333333333000006,114.5833333333,
Angola_KabindaPortugueseCongo,Angola & Kabinda (Portuguese Congo),group,Africa,-12.35,17.35,
GoldCoast-TogolandNeutralZone,Gold Coast-Togoland (Neutral Zone),country,Africa,6.272,1.187,Q161062
Jamaica_JamaicaDependencies,Jamaica & Jamaica Dependencies,group,World,18.18,-77.4,
Bulgaria_Montenegro_Romania_EuropeanTurkey_YugoslaviaSerbia,Bulgaria & Montenegro & Romania & European Turkey & Yugoslavia/Serbia,group,Europe,44.0306082639655,22.772425279686203,
IonianIs._Morea,Ionian Is. & Morea,group,Europe,38.5,20.5,
OmanMuscatandOman_UnitedArabEmiratesTrucialOman_Kuwait,Oman (Muscat and Oman) & United Arab Emirates (Trucial Oman) & Kuwait,group,Asia,24.81666677776667,52.199999999999996,
Israel,Israel,country,Asia,31,35,Q801
CongoBrazzavilleFrenchCongoMiddleCongo_Senegal,Congo (Brazzaville) (French Congo) (Middle Congo) & Senegal,group,Africa,6.808333500000001,0.5499987778,
Armenia,Armenia,country,Europe,40.383333,44.95,Q399
Martinique,Martinique,country,America,14.6666666667,-61,Q17054
SuluSultanate,Sulu Sultanate,country,Asia,6.0519444444,121.0019444444,Q422065
KenyaBritishEastAfricaProtectorate_Uganda,Kenya (British East Africa Protectorate) & Uganda,group,Africa,0.6900000000000002,35.195,
AbuDhabi,Abu Dhabi,country,Asia,23.5237,53.876953,Q187712
Lagos,Lagos,country,Africa,6.45,3.4,Q8673
Turkey_EgyptUnitedArabRepublic_Greece,Turkey & Egypt/United Arab Republic & Greece,group,World,34.83333333333333,29.333333333333332,
BurmaMyanmar_India,Burma (Myanmar) & India,group,Asia,22.0,86.5,
St.Thomas_PrinceEdwardIs.,St. Thomas & Prince Edward Is.,group,America,46.25,-63.0,
Norway_Sweden,Norway & Sweden,group,Europe,63.0,13.0,
Denmark,Denmark,country,Europe,56,10,Q35
Mauritius_SouthAfrica,Mauritius & South Africa,group,Africa,-24.6,40.75,
SuezCanalZone,Suez Canal Zone,country,Africa,30.705,32.3441666667,Q899
ItalianSomaliland,Italian Somaliland,country,Africa,2.29889,45.7989,Q319984
Cyprus_Gibraltar_Malta,Cyprus & Gibraltar & Malta,group,Europe,35.67369444443333,14.051546296300002,
ColombiaGranColombia_Guatemala_Venezuela,Colombia (Gran Colombia) & Guatemala & Venezuela,group,America,9.166666666666666,-77.08333333333333,
Sweden,Sweden,country,Europe,61,15,Q34
Obock,Obock,country,Africa,11.971667,43.293333,Q844929
Chile_India,Chile & India,group,America,-5.5,3.0000000000000004,
KwangtungTerritoryLeased_Manchukuo,Kwangtung Territory (Leased) & Manchukuo,group,Asia,33.641666666649996,119.40833333334999,
Albania,Albania,country,Europe,41,20,Q222
Norway,Norway,country,Europe,65,11,Q20
BeninDahomey,Benin (Dahomey),country,Africa,8.8333333333,2.1833333333,Q962
TurksandCaicosIs.,Turks and Caicos Is.,country,America,21.75,-71.5833333333,Q18221
Tripolitania_Tunisia,Tripolitania & Tunisia,group,Africa,33.45,11.591666499999999,
PapalStates,Papal States,country,Europe,41.904,12.453,Q237
AzoresWesternIsles,Azores (Western Isles),country,Europe,38.5,-28,Q25263
BalearicIslands_Spain,Balearic Islands & Spain,group,Europe,40.0,-3.0000000000000004,
SpanishMorocco,Spanish Morocco,country,Africa,35,-4.5,Q457242
BelizeBritishHonduras,Belize (British Honduras),country,America,17.0666666667,-88.7,Q242
KwangtungTerritoryLeased,Kwangtung Territory (Leased),country,Asia,23.4,113.5,Q15175
Holstein,Holstein,country,Europe,54.1667,9.66667,Q111224
AshmoreandCartierIs,Ashmore and Cartier Is,country,Oceania,-12.2583333333,123.0416666667,Q133888
Austria-Hungary_Germany,Austria-Hungary & Germany,group,Europe,49.6,13.175,
Portugal,Portugal,country,Europe,38.7,-9.1833333333,Q45
Newfoundland_PrinceEdwardIs.,Newfoundland & Prince Edward Is.,group,America,49.625,-61.50000000000001,
WesternSamoa,Western Samoa,country,Oceania,-14,-172,Q683
Assab,Assab,country,Africa,13.0077777778,42.7411111111,Q738496
Danzig_Memel,Danzig & Memel,group,Europe,55.03708333335,19.888055555550004,
Modena,Modena,country,Europe,44.6528,10.8976,Q252580
St.Helena,St. Helena,country,Atlantic,-15.95,-5.7166666667,Q34497
SierraLeone,Sierra Leone,country,Africa,8.5,-11.916667,Q1044
Eritrea_ItalianSomaliland,Eritrea & Italian Somaliland,group,Africa,8.891111500000001,42.02445,
Hamburg_NorthGermany,Hamburg & North Germany,group,Europe,53.55,10.0,
BritishSomalilandSomalilandRepublic_DjiboutiAfarandIssasFrenchSomaliland_ItalianSomaliland,British Somaliland (Somaliland Republic) & Djibouti (Afar and Issas) (French Somaliland) & Italian Somaliland,group,Africa,7.8829633333333335,44.09963322223334,
Gibraltar_Spain_SpanishColonies,Gibraltar & Spain & Spanish Colonies,group,World,38.068875,-4.17268055555,
OmanMuscatandOman,Oman (Muscat and Oman),country,Asia,21.5,55,Q842
TranquebarandSerampore,Tranquebar and Serampore,country,Asia,11.0325,79.85305556,Q732594
Ecuador,Ecuador,country,America,-1,-78,Q736
FrenchAsia_FrenchIndia,French Asia & French India,group,Asia,11.9341,79.8306,
Assam_Bengal,Assam & Bengal,group,Asia,26.0,93.0,
SintEustatius,Sint Eustatius,country,America,17.4833333333,-62.9666666667,Q26180
CochinChina_Tonkin,Cochin China & Tonkin,group,Asia,17.98975,108.390585,
Turkey_EgyptUnitedArabRepublic,Turkey & Egypt/United Arab Republic,group,World,33.0,32.5,
Altona_Hamburg,Altona & Hamburg,group,Europe,53.55,10.0,
Moldavia,Moldavia,country,Europe,47.25,28.516667,Q217
Turkey_Syria,Turkey & Syria,group,World,37.1083335,37.291666500000005,
ColombiaGranColombia,Colombia (Gran Colombia),country,America,4,-74,Q739
ChinaPeople'sRepublicofChina_CochinChina_Macao,China (People's Republic of China) & Cochin China & Macao,group,Asia,24.040555555566666,109.16333333333333,
Afghanistan_IranPersia,Afghanistan & Iran (Persia),group,Asia,33.0,59.5,
Reunion,Reunion,country,Africa,-21.1144444444,55.5325,Q17070
CoromandelCoastPosts_MalabarCoast,Coromandel Coast Posts & Malabar Coast,group,Asia,13.3666666667,80.3333333333,
Kwanchowan,Kwanchowan,country,Asia,21.1772777778,110.4179888889,Q1506615
BurmaMyanmar,Burma (Myanmar),country,Asia,22,96,Q836
Annam,Annam,country,Asia,16.4692,107.578,Q10828323
ViceroyaltyofLaPlata,Viceroyalty of La Plata,country,America,-34.666667,-58.4,Q210551
DutchColonies_Netherlands,Dutch Colonies & Netherlands,group,World,52.3166666667,5.55,
NovaScotia,Nova Scotia,country,America,45,-63,Q1952
Nauru,Nauru,country,Oceania,-0.5333333333,166.9333333333,Q697
FrenchGulfofGuinea_Senegal,French Gulf of Guinea & Senegal,group,Africa,14.366667000000001,-14.283333,
Alaska,Alaska,country,America,64,-150,Q797
ChinaPeople'sRepublicofChina_Philippines,China (People's Republic of China) & Philippines,group,Asia,23.5,113.0,
Ecuador_Guatemala,Ecuador & Guatemala,group,America,7.250000000000001,-84.125,
Cuba_LaGuaira,Cuba & La Guaira,group,America,22.0,-79.5,
Kedah,Kedah,country,Asia,6.1283333333,100.3627777778,Q188947
PapalStates_RepublicofSt.Mark,Papal States & Republic of St. Mark,group,Europe,43.7435,12.568,
Lithuania_Memel,Lithuania & Memel,group,Europe,55.45375,22.571388888900003,
GuineaFrenchGuineaRivieresduSud_Senegal_Gambia,Guinea (French Guinea) (Rivieres du Sud) & Senegal & Gambia,group,Africa,12.458611222233335,-14.4985184074,
SaxeCoburgandGotha,Saxe Coburg and Gotha,country,Europe,50.2581,10.9645,Q3462133
St.Lucia,St. Lucia,country,America,13.883333,-61,Q760
BritishColumbia_Vancouver,British Columbia & Vancouver,group,America,51.875,-123.80000000000001,
Malta_UnitedKingdom,Malta & United Kingdom,group,Europe,45.241666666650005,6.250000000000001,
Germany_Rhine,Germany & Rhine,group,Europe,51.0,10.0,
MacedoniaFormerYugoslavRepublicof,Macedonia Former Yugoslav Republic of,country,Asia,42,21.43333333,Q240592
Swaziland,Swaziland,country,Africa,-26.483333,31.433333,Q1050
FederatedMalayStates,Federated Malay States,country,Asia,3.1597222222,101.7,Q1400154
Portugal_PortugueseDependencies,Portugal & Portuguese Dependencies,group,World,38.7,-9.1833333333,
Denmark_Norway_RussiaUSSR_Sweden,Denmark & Norway & Russia/USSR & Sweden,group,Europe,61.0,40.333333333333336,
Bremen_Hanover,Bremen & Hanover,group,Europe,52.86085555555,9.164955555550002,
Gibraltar_Portugal_Spain,Gibraltar & Portugal & Spain,group,Europe,38.27925,-5.842898148133333,
Parma,Parma,country,Europe,44.8014722222,10.328,Q2683
Bulgaria_YugoslaviaSerbia,Bulgaria & Yugoslavia/Serbia,group,Europe,43.785277777800005,22.9811111111,
Memel,Memel,country,Europe,55.7075,21.1427777778,Q776965
Kiribati,Kiribati,country,Oceania,1.4666666667,173.0333333333,Q710
Denmark_Holstein_Schleswig,Denmark & Holstein & Schleswig,group,Europe,55.11112222223333,9.63889,
Argentina,Argentina,country,America,-34,-64,Q414
Samos,Samos,country,Europe,37.75,26.8333,Q156882
Berbice_Demerara,Berbice & Demerara,group,America,6.23369,-57.543,
ChineseTreatyPorts_HongKong,Chinese Treaty Ports & Hong Kong,group,Asia,22.2783333333,114.15861111110002,
Australiaother_Tasmania,Australia (other) & Tasmania,group,Oceania,-42.0,147.0,
SudanAnglo-Egyptian,Sudan (Anglo-Egyptian),country,Africa,15.6330555556,32.5330555556,Q541455
LibyaTripolitaniaCyrenaicaFezzan,Libya (Tripolitania Cyrenaica Fezzan),country,Africa,27,17,Q1016
Belgium_Netherlands,Belgium & Netherlands,group,Europe,51.4788888889,5.1090277778,
Manchukuo,Manchukuo,country,Asia,43.8833333333,125.3166666667,Q30623
Uruguay,Uruguay,country,America,-32.7333333333,-56.65,Q77
AntiguaandBarbuda,Antigua and Barbuda,country,America,17.1166666667,-61.85,Q781
BritishColumbia_BritishEastNorthAmerica,British Columbia & British East North America,group,America,54.5,-124.49999999999999,
NewGuineaGermanNewGuineaKaiserWilhelmsland,New Guinea (German New Guinea) (Kaiser Wilhelmsland),country,Oceania,-4.2149,152.1606,Q165008
France_FrenchDependencies,France & French Dependencies,group,World,47.0,2.0,
Bremen_Prussia,Bremen & Prussia,group,Europe,52.93228333335,10.9901,
IranPersia_Middle-East_AsianTurkey,Iran (Persia) & Middle-East & Asian Turkey,group,Asia,32.0,53.0,
Guam_Philippines,Guam & Philippines,group,World,12.750000000000002,133.90000000000003,
St.PierreandMiquelon,St. Pierre and Miquelon,country,America,46.825,-56.275,Q34617
Hanover_MecklenburgSchwerin_Prussia,Hanover & Mecklenburg Schwerin & Prussia,group,Europe,52.84019148146667,11.513793703700001,
Bhutan,Bhutan,country,Asia,27.45,90.5,Q917
FrenchIndia,French India,country,Asia,11.9341,79.8306,Q646374
LesothoBasutoland,Lesotho (Basutoland),country,Africa,-29.55,28.25,Q1013
Ceuta_Melilla,Ceuta & Melilla,country,Europe,35.8943,-5.3302,Q28868874
Malta,Malta,country,Europe,35.8833333333,14.5,Q233
Germany,Germany,country,Europe,51,10,Q183
BritishEastAfrica_PembaIsland_Zanzibar,British East Africa & Pemba Island & Zanzibar,group,Africa,-6.1333333333,39.3166666667,
Greenland_Iceland,Greenland & Iceland,group,World,68.5,-29.500000000000004,
Oldenburg,Oldenburg,country,Europe,53.1438888889,8.2138888889,Q693669
Albania_Montenegro_YugoslaviaSerbia,Albania & Montenegro & Yugoslavia/Serbia,group,Europe,42.86240751853333,19.892963074066667,
Ceuta,Ceuta,country,Africa,35.886667,-5.3,Q5823
HanseTowns,Hanse Towns,country,Europe,53.869,10.223,Q42908
AzoresWesternIsles_MadeiraIsles,Azores (Western Isles) & Madeira Isles,group,World,35.625,-22.5,
Aden,Aden,country,Asia,12.8,45.0333333333,Q131694
Bahamas_BritishWestIndies,Bahamas & British West Indies,group,America,23.7,-76.4,
Danzig_Poland,Danzig & Poland,group,Europe,53.18333333335001,18.81666666665,
Lucca_Milan_Tuscany,Lucca & Milan & Tuscany,group,Europe,44.2223148148,10.241111111133332,
AmericanSamoa,American Samoa,country,Oceania,-14.295833,-170.7075,Q16641
EastIndiaCompany_SriLankaCeylon,East India Company & Sri Lanka (Ceylon),group,Asia,7.0,81.0,
Kamerun_GermanTogoland,Kamerun & German Togoland,group,Africa,5.154450000000001,5.4364,
BritishCameroons_NorthernNigeria,British Cameroons & Northern Nigeria,group,Africa,6.983333500000001,7.691666499999999,
FrenchAmerica_FrenchIndia,French America & French India,group,World,11.9341,79.8306,
Algeria,Algeria,country,Africa,28,1,Q262
Montenegro_YugoslaviaSerbia,Montenegro & Yugoslavia/Serbia,group,Europe,43.7936112778,19.8394446111,
UnitedKingdom_India,United Kingdom & India,group,World,38.3,37.5,
RasalKhaimah,Ras al Khaimah,country,Asia,25.7833333333,55.95,Q170024
Panama,Panama,country,America,8.616667,-80.366667,Q804
BelizeBritishHonduras_BritishWestIndies_GuyanaBr.Guiana,Belize (British Honduras) & British West Indies & Guyana (Br. Guiana),group,America,11.399999833350002,-74.0083335,
Bremen_Hamburg_Lübeck,Bremen & Hamburg & Lübeck,group,Europe,53.5889962963,9.759229629633333,
Perlis,Perlis,country,Asia,6.5,100.25,Q213467
TogoFrenchTogoland,Togo (French Togoland),country,Africa,8.25,1.183333,Q945
Cuba_PuertoRico,Cuba & Puerto Rico,group,America,20.125,-73.0,
BanjermassinDutchBorneo_Brunei_SabahNorthBorneo_Sarawak,Banjermassin (Dutch Borneo) & Brunei & Sabah (North Borneo) & Sarawak,group,Asia,1.9252118243670449,115.12089175636835,
Alhucemas,Alhucemas,country,Africa,35.215,-3.89611111,Q1184963
Australia_Hawaii,Australia & Hawaii,group,World,-3.344305555549999,-10.398194444449999,
CarolineIs.,Caroline Is.,country,Oceania,-9.9666666667,-150.2113888889,Q822151
Alexandria_EgyptUnitedArabRepublic,Alexandria & Egypt/United Arab Republic,group,Africa,27.0,29.000000000000004,
Sharjah,Sharjah,country,Asia,25.35,55.433333,Q188810
Bonaire,Bonaire,country,America,12.1833333333,-68.25,Q25396
DjiboutiAfarandIssasFrenchSomaliland_Obock,Djibouti (Afar and Issas) (French Somaliland) & Obock,group,Africa,11.8858335,42.863333,
Bavaria_Saxony,Bavaria & Saxony,group,Europe,49.9022222222,12.395,
Aleppo,Aleppo,country,Asia,36.2,37.15,Q41183
India_SriLankaCeylon,India & Sri Lanka (Ceylon),group,Asia,14.500000000000002,79.0,
Brunei_Sarawak,Brunei & Sarawak,group,Asia,3.7190277800000002,114.17388905499999,
Alaska_UnitedStatesofAmerica,Alaska & United States of America,group,America,51.447500000000005,-113.51833333335,
Tonga,Tonga,country,Oceania,-20.587778,-174.810278,Q678
Chile_Peru,Chile & Peru,group,America,-21.200000000000003,-73.5,
Denmark_St.Thomas,Denmark & St. Thomas,group,World,56.0,10.0,
LibyaTripolitaniaCyrenaicaFezzan_Morocco_Tunisia,Libya (Tripolitania Cyrenaica Fezzan) & Morocco & Tunisia,group,Africa,31.0,7.0,
Sikkim,Sikkim,country,Asia,27.33,88.62,Q1505
NewZealand,New Zealand,country,Oceania,-41.2,174,Q664
OmanMuscatandOman_Zanzibar,Oman (Muscat and Oman) & Zanzibar,group,World,7.683333333349999,47.15833333335,
DutchWindwardIs.,Dutch Windward Is.,country,America,18.0167,-63.0333,Q3277444
Gabon,Gabon,country,Africa,-0.6833305556,11.5,Q1000
Pakistan,Pakistan,country,Asia,30,71,Q843
Turkey,Turkey,country,Asia,39,36,Q43
KenyaBritishEastAfricaProtectorate_MalawiNyasaland,Kenya (British East Africa Protectorate) & Malawi (Nyasaland),group,Africa,-6.45,36.0,
Annam_CochinChina_KampucheaCambodia_Tonkin,Annam & Cochin China & Kampuchea (Cambodia) & Tonkin,group,Asia,16.193166666666666,107.26039000000003,
Seychelles,Seychelles,country,Africa,-7.1,52.766667,Q1042
BanjermassinDutchBorneo,Banjermassin (Dutch Borneo),country,Asia,-3.3333333333,114.5833333333,Q14182
NewGuineaGermanNewGuineaKaiserWilhelmsland_PapuaNewGuinea_WestIrianDutchNewGuinea,New Guinea (German New Guinea) (Kaiser Wilhelmsland) & Papua New Guinea & West Irian (Dutch New Guinea),group,Oceania,-5.171633333333333,145.05353333333332,
Bermuda_BritishWestIndies,Bermuda & British West Indies,group,America,32.333333,-64.75,
Greece_Malta_Turkey,Greece & Malta & Turkey,group,World,37.79444444443334,24.500000000000004,
NicobarIs.,Nicobar Is.,country,Asia,7.8666666667,93.5,Q157286
Aruba,Aruba,country,America,12.51106253,-69.97422388,Q21203
Lauenburg,Lauenburg,country,Europe,53.3758333333,10.5588888889,Q492380
Australia_NewZealand_Tasmania,Australia & New Zealand & Tasmania,group,Oceania,-37.06666666666667,152.66666666666669,
RepublicofSt.Mark_Trieste,Republic of St. Mark & Trieste,group,Europe,45.60955555555,13.24358333335,
Bremen_Lübeck,Bremen & Lübeck,group,Europe,53.60849444445,9.638844444450001,
Kokand,Kokand,country,Asia,40.5286111111,70.9425,Q489890
GuyanaBr.Guiana_FalklandIs.,Guyana (Br. Guiana) & Falkland Is.,group,America,-23.0083335,-59.15833350000001,
Germanyother_Prussia,Germany (other) & Prussia,group,Europe,52.5173,13.3889,
Montserrat,Montserrat,country,America,16.75,-62.2,Q13353
NewSouthWales,New South Wales,country,Oceania,-32,147,Q3224
Denmark_FaeroeIs._Greenland_Iceland,Denmark & Faeroe Is. & Greenland & Iceland,group,World,63.65226872473011,-13.601141153731643,
Tripolitania,Tripolitania,country,Africa,32.9,13.183333,Q192435
CamerounFrenchCameroons,Cameroun (French Cameroons),country,Africa,3.866419,11.520563,Q1028848
RepublicofSt.Mark,Republic of St. Mark,country,Europe,45.583,12.683,Q4948
ChinaPeople'sRepublicofChina_CochinChina_Oceania_Philippines,China (People's Republic of China) & Cochin China & Oceania & Philippines,group,World,20.65166666666667,112.31333333333333,
Tadjoura,Tadjoura,country,Africa,11.7833333333,42.8833333333,Q820972
GilbertandElliceIs.,Gilbert and Ellice Is.,country,Oceania,1.26,173.02,Q1050859
Assab_Bailul_Massawah,Assab & Bailul & Massawah,group,Africa,13.0077777778,42.7411111111,
Honduras_Panama,Honduras & Panama,group,America,11.625,-83.591667,
HanseTowns_Netherlands,Hanse Towns & Netherlands,group,Europe,53.09283333335001,7.8865,
Belgium_Germany_Netherlands,Belgium & Germany & Netherlands,group,Europe,51.319259259266666,6.739351851866666,
ChinaPeople'sRepublicofChina_Manchuria_Mongolia,China (People's Republic of China) & Manchuria & Mongolia,group,Asia,42.33333333333333,110.66666666666667,
Hamburg,Hamburg,country,Europe,53.55,10,Q1055
Canada_UnitedStatesofAmerica,Canada & United States of America,group,America,47.447500000000005,-93.01833333335,
Bosnia,Bosnia,country,Europe,43.86666667,18.41666667,Q188736
CongoBrazzavilleFrenchCongoMiddleCongo_FrenchAfricaother_Senegal,Congo (Brazzaville) (French Congo) (Middle Congo) & French Africa (other) & Senegal,group,Africa,6.808333500000001,0.5499987778,
Croatia_Dalmatia_Illyria,Croatia & Dalmatia & Illyria,group,Europe,45.25,15.466667,
Armenia_Kurdistan,Armenia & Kurdistan,group,Europe,40.383333,44.95,
UnitedKingdom,United Kingdom,country,Europe,54.6,-2,Q145
KingdomofSardinia_TwoSicilies,Kingdom of Sardinia & Two Sicilies,group,Europe,40.452666665,11.615000000000002,
Fiji,Fiji,country,Oceania,-18,178,Q712
MalaysiaMalaya_StraitsSettlements,Malaysia (Malaya) & Straits Settlements,group,Asia,2.1833333333500002,105.9,
Milan_Tuscany,Milan & Tuscany,group,Europe,44.408472222200004,10.103333333350001,
NorthGermany_Prussia,North Germany & Prussia,group,Europe,52.5173,13.3889,
DutchPostsGoldCoast,Dutch Posts (Gold Coast),country,Africa,7.87,-0.994,Q770776
Singapore_StraitsSettlements,Singapore & Straits Settlements,group,Asia,1.3333333333500001,103.8,
AntiguaandBarbuda_Dominica_St.Kitts-Nevis_Montserrat_VirginIslandsDanishWestIndies,Antigua and Barbuda & Dominica & St. Kitts-Nevis & Montserrat & Virgin Islands (Danish West Indies),group,America,16.952777888900002,-62.67277766666666,
JordanTransjordan,Jordan (Transjordan),country,Asia,31.2,36.5,Q810
Bremen,Bremen,country,Europe,53.3472666667,8.5913,Q1209
Germany_GermanColonies,Germany & German Colonies,group,World,51.0,10.0,
KoreaChosen,Korea (Chosen),country,Asia,38.3166666667,127.2333333333,Q18097
Sarawak,Sarawak,country,Asia,3.03805556,113.78111111,Q170462
St.Kitts,St. Kitts,country,America,17.319722,-62.747222,Q204989
Gibraltar_UnitedKingdom,Gibraltar & United Kingdom,group,Europe,45.368875,-3.6726805555499995,
MarianaIs.,Mariana Is.,country,Oceania,16.13333333,145.75,Q153732
Mexico_Texas,Mexico & Texas,group,America,27.0,-101.0,
Algeria_Tunisia,Algeria & Tunisia,group,Africa,31.0,5.5,
KampucheaCambodia,Kampuchea (Cambodia),country,Asia,12.6,105,Q424
Bolivia-PeruConfederation,Bolivia-Peru Confederation,country,America,-16.373,-68.665,Q899706
SouthernNigeria,Southern Nigeria,country,Africa,6.45,3.4,Q2062030
CapeColony_Natal,Cape Colony & Natal,group,Africa,-33.458333335,18.208333335,
Crete_EgyptUnitedArabRepublic,Crete & Egypt/United Arab Republic,group,World,31.1548611111,26.946666666650003,
Cuxhaven_Heligoland,Cuxhaven & Heligoland,group,Europe,54.182500000000005,7.8852777778,
CapeColony_India,Cape Colony & India,group,World,-5.5,47.5,
KingdomofSardinia_Tuscany,Kingdom of Sardinia & Tuscany,group,Europe,41.711,9.99833333335,
BanjermassinDutchBorneo_Brunei_SabahNorthBorneo_Sarawak_Java,Banjermassin (Dutch Borneo) & Brunei & Sabah (North Borneo) & Sarawak & Java,group,Asia,1.9252118243670449,115.12089175636835,
Kelantan,Kelantan,country,Asia,5.25,102,Q185944
Dardanelles-Istanbul_IzmirSmyrna,Dardanelles-Istanbul & Izmir (Smyrna),group,Asia,41.01,28.9602777778,
Romania,Romania,country,Europe,46,25,Q218
Australiaother_NewZealand_Tasmania,Australia (other) & New Zealand & Tasmania,group,Oceania,-41.6,160.5,
Surinam,Surinam,country,America,4,-56,Q730
CanaryIs._Tenerife,Canary Is. & Tenerife,group,Africa,28.536,-15.748999999999999,
NewBrunswick_NovaScotia,New Brunswick & Nova Scotia,group,America,45.800000000000004,-64.5,
Holstein_Lauenburg_Schleswig,Holstein & Lauenburg & Schleswig,group,Europe,54.2364,9.825186296300002,
Finland,Finland,country,Europe,65,27,Q33
Mauritius_Reunion,Mauritius & Reunion,group,Africa,-20.657222222199998,56.51625,
SouthAfrica_ZimbabweRhodesiaSouthernRhodesia,South Africa & Zimbabwe (Rhodesia) (Southern Rhodesia),group,Africa,-24.008333333350006,27.008333333350002,
WesternAustralia,Western Australia,country,Oceania,-26,121,Q3206
Papua,Papua,country,Oceania,-2.5333305556,140.7169444444,Q5095
ColombiaGranColombia_Panama,Colombia (Gran Colombia) & Panama,group,America,6.308333500000001,-77.1833335,
Austria-Hungary,Austria-Hungary,country,Europe,48.2,16.35,Q28513
Ireland,Ireland,country,Europe,53,-8,Q27
FederatedMalayStates_StraitsSettlements,Federated Malay States & Straits Settlements,group,Asia,2.26319444445,102.75000000000001,
Turkey_DodecaneseIs.AegeanIs._Romania,Turkey & Dodecanese Is. (Aegean Is.) & Romania,group,World,40.45766666666667,29.406,
MadeiraIsles,Madeira Isles,country,Africa,32.75,-17,Q26253
StraitsSettlements_StraitsSettlementsDependencies,Straits Settlements & Straits Settlements Dependencies,group,World,1.3666666667,103.8,
Gambia_SierraLeone,Gambia & Sierra Leone,group,Africa,11.000000000000002,-13.7083335,
Australia,Australia,country,Oceania,-28,137,Q408
Eritrea,Eritrea,country,Africa,15.483333,38.25,Q986
Aden_EgyptUnitedArabRepublic_AsianTurkey,Aden & Egypt/United Arab Republic & Asian Turkey,group,World,19.9,37.01666666665,
Gibraltar_IonianIs._Malta_UnitedKingdom,Gibraltar & Ionian Is. & Malta & United Kingdom,group,Europe,42.44123445005995,4.947333231093291,
PitcairnIs.,Pitcairn Is.,country,Oceania,-25.0677812,-130.1045778,Q35672
Guam,Guam,country,Oceania,13.5,144.8,Q16635
Brazil_Chile,Brazil & Chile,group,America,-23.5,-62.0,
GhanaGoldCoast,Ghana (Gold Coast),country,Africa,8,-0.5,Q117
MaldiveIslands,Maldive Islands,country,Asia,3.25,73,Q17044696
Mauritius_MauritiusDependencies_Seychelles,Mauritius & Mauritius Dependencies & Seychelles,group,World,-13.649999999999999,55.1333335,
Croatia_YugoslaviaSerbia,Croatia & Yugoslavia/Serbia,group,Europe,45.035277777800005,17.9644446111,
OntarioUpperCanada,Ontario (Upper Canada),country,America,50,-85,Q1904
YugoslaviaSerbia,Yugoslavia/Serbia,country,Europe,44.8205555556,20.4622222222,Q36704
MalagasyRepublicMadagascar_St.MariedeMadagascar_Mayotte_NossiBe,Malagasy Republic (Madagascar) & St. Marie de Madagascar & Mayotte & Nossi Be,group,Africa,-15.946187205160603,47.46624442685541,
RossDependency,Ross Dependency,country,Oceania,-75,-175,Q203073
Syria,Syria,country,Asia,35.216667,38.583333,Q858
Trieste,Trieste,country,Europe,45.6361111111,13.8041666667,Q546
IranPersia,Iran (Persia),country,Asia,32,53,Q794
Austria-Hungary_Italy,Austria-Hungary & Italy,group,Europe,45.35,14.424999999999999,
Nauru_NewZealand_WesternSamoa,Nauru & New Zealand & Western Samoa,group,Oceania,-18.577777777766666,56.3111111111,
RussiaUSSR_BlackSea,Russia/USSR & Black Sea,group,Europe,62.0,100.0,
WallisandFutunaIs.,Wallis and Futuna Is.,country,Oceania,-14,-177,Q35555
SouthWestAfricaGermanWestAfricaNamibia,South West Africa (German West Africa) (Namibia),country,Africa,-23,17,Q953068
Denmark_RussiaUSSR_Sweden,Denmark & Russia/USSR & Sweden,group,Europe,59.666666666666664,41.666666666666664,
MaldenI.,Malden I.,country,Oceania,-4.0166666667,-154.9333333333,Q532590
RussiaUSSR,Russia/USSR,country,Europe,62,100,Q159
Niger,Niger,country,Africa,17,10,Q1032
LibyaTripolitaniaCyrenaicaFezzan_Morocco_Tunisia_Turkey,Libya (Tripolitania Cyrenaica Fezzan) & Morocco & Tunisia & Turkey,group,Africa,32.66666666666667,15.666666666666668,
Rhineland,Rhineland,country,Europe,50.276989,6.860735,Q152243
CanaryIs._CapeColony,Canary Is. & Cape Colony,group,Africa,-2.2319999999999993,1.1255000000000006,
MarshallIs.,Marshall Is.,country,Oceania,7.1166666667,171.0666666667,Q709
NewBrunswick_NovaScotia_PrinceEdwardIs.,New Brunswick & Nova Scotia & Prince Edward Is.,group,America,45.95,-64.0,
MumbaiBombay_Sind,Mumbai (Bombay) & Sind,group,Asia,24.87,67.05,
AmericanColonies_UnitedStatesofAmerica,American Colonies & United States of America,group,World,38.895,-77.0366666667,
Greece,Greece,country,Europe,38.5,23,Q41
Bali_Lombok,Bali & Lombok,group,Asia,-8.45,115.71952777780001,
FrenchIndochina,French Indochina,country,Asia,21.0333333333,105.85,Q185682
Johore,Johore,country,Asia,1.4872222222,103.7811111111,Q183032
Greece_Turkey,Greece & Turkey,group,World,38.75,29.500000000000004,
France_Netherlands,France & Netherlands,group,Europe,49.658333333349994,3.775,
HongKong_India,Hong Kong & India,group,Asia,22.13916666665,95.57930555555001,
Brazil_ColombiaGranColombia,Brazil & Colombia (Gran Colombia),group,America,-5.0,-63.50000000000001,
Bulgaria,Bulgaria,country,Europe,42.75,25.5,Q219
UnitedStatesofCentralAmerica,United States of Central America,country,America,14.6166666667,-90.5166666667,Q190025
SpanishWestAfrica,Spanish West Africa,country,Africa,32.7613,-8.4567,Q1191986
Alexandria_SuezCanalZone,Alexandria & Suez Canal Zone,group,Africa,30.705,32.3441666667,
Belgium,Belgium,country,Europe,50.6411111111,4.6680555556,Q31
RussiaUSSR_RussianColonies,Russia/USSR & Russian Colonies,group,World,62.0,100.0,
ViceroyaltyofLaPlata_Chile,Viceroyalty of La Plata & Chile,group,America,-33.833333499999995,-64.7,
MaliFrenchSudanUpperSenegalandNiger,Mali (French Sudan) (Upper Senegal and Niger),country,Africa,12.64999962,-8,Q508014
Australia_Canada,Australia & Canada,group,World,14.0,14.0,
Bolivia,Bolivia,country,America,-17.0568696111,-64.9912286111,Q750
ColombiaGranColombia_Guatemala,Colombia (Gran Colombia) & Guatemala,group,America,9.75,-82.125,
Italy_Sardinia,Italy & Sardinia,group,Europe,42.5,12.5,
Andorra,Andorra,country,Europe,42.5583333333,1.5552777778,Q228
Malacca_Penang,Malacca & Penang,group,Asia,3.7916652778000004,101.2505,
Melilla,Melilla,country,Africa,35.2825,-2.9475,Q5831
Nigeria,Nigeria,country,Africa,9,8,Q1033
Natal,Natal,country,Africa,-33.91666667,18.41666667,Q1301901
Aden_PerimI.,Aden & Perim I.,group,Asia,12.729875,44.227212666650004,
NetherlandsAntilles,Netherlands Antilles,country,America,15,-66,Q25227
Dardanelles-Istanbul,Dardanelles-Istanbul,country,Asia,41.01,28.9602777778,Q406
EgyptUnitedArabRepublic_Syria_Beirut,Egypt/United Arab Republic & Syria & Beirut,group,World,31.1083335,33.791666500000005,
Italy,Italy,country,Europe,42.5,12.5,Q38
ChinaPeople'sRepublicofChina_EastIndies_GuineaFrenchGuineaRivieresduSud,China (People's Republic of China) & East Indies & Guinea (French Guinea) (Rivieres du Sud),group,World,22.25458333335,44.6438888889,
AndamanandNicobarIs.,Andaman and Nicobar Is.,country,Asia,11.68,92.77,Q40888
Anjouan,Anjouan,country,Africa,-12.25,44.4166666667,Q231324
IonianIs._Malta_UnitedKingdom,Ionian Is. & Malta & United Kingdom,group,Europe,42.994444444433334,11.0,
Mombassa,Mombassa,country,Africa,-4.05,39.6666666667,Q1112885
IndonesiaDutchEastIndies_NetherlandsAntilles,Indonesia (Dutch East Indies) & Netherlands Antilles,group,World,6.5,26.000000000000007,
Austria-Hungary_Lombardy,Austria-Hungary & Lombardy,group,Europe,48.2,16.35,
Panama_PanamaCanalZone,Panama & Panama Canal Zone,group,America,8.8671682222,-80.04341683335,
UnitedKingdom_BritishEurope,United Kingdom & British Europe,group,Europe,54.6,-2.0,
Mauritius_Mozambique_Reunion,Mauritius & Mozambique & Reunion,group,Africa,-20.1048148148,49.34416666666667,
EthiopiaAbyssinia,Ethiopia (Abyssinia),country,Africa,9,40,Q115
BotswanaBechuanaland,Botswana (Bechuanaland),country,Africa,-22.2,23.7,Q963
Gibraltar,Gibraltar,country,Europe,36.13775,-5.3453611111,Q1410
CochinChina_IndonesiaDutchEastIndies_Philippines_ThailandSiam,Cochin China & Indonesia (Dutch East Indies) & Philippines & Thailand (Siam),group,Asia,8.64392056061746,113.73187383320794,
SouthAfrica_SouthWestAfrica,South Africa & South West Africa,group,Africa,-29.000000000000004,24.000000000000004,
Hawaii_PuertoRico_UnitedStatesofAmerica,Hawaii & Puerto Rico & United States of America,group,America,26.152129629633336,-100.44435185186668,
FaeroeIs._Iceland,Faeroe Is. & Iceland,group,Europe,63.4849722222,-12.9222402778,
OrangeFreeStateOrangeRiverColony,Orange Free State (Orange River Colony),country,Africa,-28,27,Q160284
ChinaPeople'sRepublicofChina_Macao,China (People's Republic of China) & Macao,group,Asia,28.583333333349998,108.275,
Victoria,Victoria,country,Oceania,-37,144,Q36687
DanishIndia_FrenchIndia_India,Danish India & French India & India,group,Asia,16.96705,78.4153,
FederationofSouthArabia,Federation of South Arabia,country,Asia,15.33,48.076,Q834486
India,India,country,Asia,22,77,Q668
Guatemala,Guatemala,country,America,15.5,-90.25,Q774
DjiboutiAfarandIssasFrenchSomaliland_ItalianSomaliland,Djibouti (Afar and Issas) (French Somaliland) & Italian Somaliland,group,Africa,7.049445,44.116116500000004,
Vladivostok,Vladivostok,country,Europe,43.1166666667,131.9,Q959
MalawiNyasaland_StraitsSettlements_StraitsSettlementsDependencies,Malawi (Nyasaland) & Straits Settlements & Straits Settlements Dependencies,group,World,-5.81666666665,68.9,
Frankfurt,Frankfurt,country,Europe,50.1136111111,8.6797222222,Q1794
CocosKeelingIs.,Cocos (Keeling) Is.,country,Oceania,-12.1166666667,96.9,Q36004
AscensionI.,Ascension I.,country,Atlantic,-7.9425,-14.3680555556,Q46197
Belgium_ZaireKinshasaBelgianCongo,Belgium & Zaire (Kinshasa) (Belgian Congo),group,World,23.880555555550004,14.162027777799999,
Mayotte_NossiBe,Mayotte & Nossi Be,group,Africa,-13.07986111115,46.69416666665,
SouthAustralia,South Australia,country,Oceania,-30,135,Q35715
Ancona,Ancona,country,Europe,43.6166666667,13.5166666667,Q3415
Cyrenaica,Cyrenaica,country,Africa,32.530316,21.2146,Q165198
CaliforniaGreatBearRepublic,California (Great Bear Republic),country,America,37,-120,Q99
BritishSomalilandSomalilandRepublic_DjiboutiAfarandIssasFrenchSomaliland_SocotraI.,British Somaliland (Somaliland Republic) & Djibouti (Afar and Issas) (French Somaliland) & Socotra I.,group,Africa,11.216666666666669,46.5999998889,
Lucca_Tuscany,Lucca & Tuscany,group,Europe,43.6,10.7666666667,
ColombiaGranColombia_Ecuador_Venezuela,Colombia (Gran Colombia) & Ecuador & Venezuela,group,America,3.6666666666666674,-73.0,
Chile_Cuba_Othercountries_Peru,Chile & Cuba & Other countries & Peru,group,World,-6.8,-75.5,
